names,keywords,images,twitter,youtube,twitch
prof. harunozuka,"harunozuka,comrade,indonesia,indonesian,virtual-youtuber,indonesians,sundanese,vtubers,apart,youtube,twitch,discord-server,profile",https://static.wikia.nocookie.net/virtualyoutuber/images/5/53/Prof._Harunozuka_Portrait.png,https://twitter.com/harunozuka,,https://www.twitch.tv/harunozuka
kuroshka,"kuroshka,russian,paman,virtual-youtuber,indonesia,the-indonesian-vtubers,vtubers,totoro,a-few-months-later,second,game-horror-adu-mekanik,a-turu,twitter,one,idris-pasta,chinmi,trakteer,kuro-naichi,popo-naichi,inazuma-naichi,vtuber,streamer,saweria,mayuverse-id,youtube,facebook,kuroshka_id,instagram,tiktok",https://static.wikia.nocookie.net/virtualyoutuber/images/4/43/Kuroshka_.png,https://twitter.com/kuroshka_id,https://www.youtube.com/c/NaichiStream,
rigel.ch,"virtual-youtuber,english,indonesian,rigel,alex,half,alien-half-human,earth",https://static.wikia.nocookie.net/virtualyoutuber/images/1/14/Rigel.jpg,https://twitter.com/rigel_model_09,,
alia adelia,"indonesian,alia,japanese,first,andi-adinata,nanarika,perkenalan-alia-adelia,indonesia,the-same-month,english,alia-adelia-ch,youtube,alia-adelia,facebook",https://static.wikia.nocookie.net/virtualyoutuber/images/c/c5/Alia_Adelia_Profile.png,https://twitter.com/aliaadelia_v,,
keigo aria,"keigo,keigo-aria,indonesia,king-kaetheryo,one-day,evening,youtube,keigoaria,twitter,general,keigambar,fanart,keigoblokan,memes,keizoku,fan",https://static.wikia.nocookie.net/virtualyoutuber/images/6/6b/Keigo_Aria.jpg,https://twitter.com/KeigoAria,,
louise khikume,"louise,youtube,first,louise-khikume,leone-halcon,indonesian,two,twitter,snowdrop,gentiana-helix,english,vtuber,night,eye,kanaria,helix,lukman,fps,leone,gentiana,yugantama-ren,instagram,louise-playground,discord,khikumeme,memes",https://static.wikia.nocookie.net/virtualyoutuber/images/7/7f/Louise_Khikume.jpg,https://twitter.com/louisekhikume,https://www.youtube.com/c/LouiseKhikumeSNOWDROPID,
amaya clorentine,"ama,amaya,youtube,first,twitter,indonesian,virtual-youtuber,amaya-clorentine,two,every-day,three-months-later,amatato,vocaloid,honeyworks,san-ama,cameo,video-lore,instagram,trakteer,saweria,amayaclorentine,fanart,amacloreceh,meme,amaclop",https://static.wikia.nocookie.net/virtualyoutuber/images/8/8b/Amaya_Clorentine.png,https://twitter.com/amaya_clo,https://www.youtube.com/c/AmayaClorentine,
vxsenna,"vxsenna,indonesian,virtual-youtuber,first,vajrasenna,three,chinese,japanese-sengoku,youtube",https://static.wikia.nocookie.net/virtualyoutuber/images/c/c3/Negasena_portrait.png,https://twitter.com/vajrasena,https://www.youtube.com/vxsenna,
nia redalion,"indonesian,virtual-youtuber,second,lumi-celestia,zen-gunawan,nia,the-same-month,soto,satay,niaredlation,twitter,instagram",https://static.wikia.nocookie.net/virtualyoutuber/images/0/06/Nia_Redalion_Profile.png,https://twitter.com/NiaRedalion,,
clarra charlone,"clarra,clarra-charlone,indonesian,evelyn,second,maya-putri,hololive,nijisanji,sunday,noon,third,first,bu-clarra,shinchan,indonesia,discord,two-days,clarra-charlone-fanpage,facebook",https://static.wikia.nocookie.net/virtualyoutuber/images/e/e7/ClarraCharlone.jpg,https://twitter.com/ClarraCharlone,,
mai,"mai,aka-virtual,virtual-youtuber,aka,virtual-talent,caerula-aki,frederett,velary-lusticia,airi-cordelia,lala-alberich,akemi-nekomachi,selia-aisnith,first,dreamland,twitter,youtube,munch,mai-stream,indonesia,virtual-talents,mainichi,bahasa-indonesian,english,japanese,the-bunny-lord,zero,this-day,maidaily,general,fanbase",https://static.wikia.nocookie.net/virtualyoutuber/images/e/e3/Mai_-_Waist_Up.jpg,https://twitter.com/MaiAKAVirtual,https://www.youtube.com/c/MaiAKAVirtual,
renjiro junichi,"renjiro-junichi,virtual-youtuber,streamer,english,indonesian,motosport,yakuza,technician,racing-car-company,driver,test-driver,two,one,youtube,twitch,renjiro_junichi,twitter,tiktok",https://static.wikia.nocookie.net/virtualyoutuber/images/3/38/Renjiro_Junichi.jpg,,,
eva amalthea,"saturn,eva,eva-amalthea,indonesian,moetal-idol,vtuber,yami-kawaii-idol,evas,one,hoodie,youtube,eva-malthea,facebook",https://static.wikia.nocookie.net/virtualyoutuber/images/4/45/Eva_Amalthea.jpg,https://twitter.com/AmaltheaEva,https://www.youtube.com/channel/UC6lic6umVTlTmsx1yGpPqzw,
raska malendra,"raska,enji-notokunchoro,raska-malendra,rania-chiwawa,indonesian,arknet-vtuber-agency,second,the-arknet-vtuber-agency,raska-malendras,alaskan,puzzle,rpg,horror,husbando,alaskan-malamute,the-dog-world,jakarta,arknet,twitter,the-same-day,vtubers,malamuters,eyang,papa,myers-briggstype-indicator,mbti,intp,kanna-tamachi,raska-malendra-channel-youtube-channel,raska_malendra-twitter,instagram",https://static.wikia.nocookie.net/virtualyoutuber/images/c/c7/Raska_Malendra_Display.jpg,https://twitter.com/raska_malendra,,
lilian grimmxandra,"lilian-grimmxandra,indonesian,aka-virtual,indonesia,lilian,mcu,lilian-ch,youtube",https://static.wikia.nocookie.net/virtualyoutuber/images/d/d8/Lilian_Grimmxandra.jpg,https://twitter.com/LilianCh10,https://www.youtube.com/c/LilianChVTuber/,
reynard blanc,"reynard,evelyn,chloe-pawapua,indonesian,re,memories,lily-ifeta,twitter,virtual-youtuber,indonesia,vtubers,comifuro-twitter,comifuro-virtual,fju,loket,virtual-j-fest,jazz,bossanova,anisong,ballad,musician,reynardblanc.carrd.co,music-commissions",https://static.wikia.nocookie.net/virtualyoutuber/images/d/d4/Reynard_Blanc_Headshot.jpg,https://twitter.com/ReynardBlanc,https://www.youtube.com/channel/UCoUFv7APM1XOo4TUaWbRekw,
risotto gambino,"risotto,indonesia,indonesian,suka-rumput,midnight,virtual-youtuber,grass-lover,idgaf,algorithm,independent,vtuber,malem,gua-petani-dari-indonesia,truck-simulator,first,sss-brigade,soto-sange-squad,sotos-horny-squad,ue-ue,otsucrot,kopi-nomimasu,soulslike,dark-souls,n.h.k,berserk,vtubers",https://static.wikia.nocookie.net/virtualyoutuber/images/7/7b/Risotto.png,https://twitter.com/risotto_ng,,
rai galilei,"rai,nijisanji,miyu-ottavia,second,amicia-michella,riksa-dhirendra,nijisanji-id,indonesian,virtual-youtuber,rai-galilei,virtual-liver,riksa,zea,youtube,four,nijisanji-ids,virtual-on-voyage,taka-radjiman,twitter,clovermcover,creator-super-fest,jakarta,cola,penya,ipd,facebook,rai_galilei,general,unofficial",https://static.wikia.nocookie.net/virtualyoutuber/images/5/51/Rai_Galilei_Portrait.png,https://twitter.com/Rai_Galilei,https://www.youtube.com/channel/UC8Snw5i4eOJXEQqURAK17hQ,
yuki eka,"indonesia,virtual-island,indonesian,yuki,first,japanese,jakarta,vtuber,aloha,yuki-eka,salam,rpg,us,fall-guys,gartic.io,english,sundanese,tifa-lockhart,ichinose-tokiya,sakata-gintoki,nakajima-yuto,evelyn,andi-adinata,her,kiryu-coco,mieyuki,yukieka_ch,twitter-account",https://static.wikia.nocookie.net/virtualyoutuber/images/c/cb/YukiEka_2D_Potrait.png,https://twitter.com/yukieka_ch,https://www.youtube.com/c/YukiEka,
igni redmond,"igni,virtual-youtuber,altered-wonderland,fiona-clearesta,esme-kingsleigh,charles-caitou,inilah,redmond-yang,sebenarnya,half,apex-legends,us,legend-of-mana,hall-of-good-music,yorushika,takayan,yoasobi,mori-calliope,aimer,sangatsu,phantasia,ujico/snail-house,igni-redmond-ch,metanoiaid,youtube,igniredmond,ignitiatinglive,live-tag,ignillustration,fan,ignibluemond",https://static.wikia.nocookie.net/virtualyoutuber/images/9/92/Igni_Redmond.jpg,https://twitter.com/IgniRedmond,https://www.youtube.com/c/IgniRedmondChMetanoiaID,
taka radjiman,"taka,youtube,twitter,nijisanji,second,nijisanji-id,hana-macchia,zea-cornelia,san-setbbq,nijisanji-ids,third,zea,indonesian,sobat-lobak,takamama,virtual-liver,salam,takas,taka-radjiman,mitaka-solutions,taka-mama,first,three,virtual-on-voyage,miyu-ottavia,rai-galilei,one-month,the-same-day,creator-super-fest,jakarta,hana,sobat-sukses,apex-legends,after-work-night-live,two-to-three-weeks,hoshikawa-sara,sukoya-kana,hoshimi,virtuareal,lobak,japanese,english,otsubak,new-year-stream,reminded-of-clients,final-fantasy,taka-radjimans,taka_radjimart,fan,unofficial,nicovideo",https://static.wikia.nocookie.net/virtualyoutuber/images/4/47/Taka_Radjiman_Portrait.png,https://twitter.com/Taka_Radjiman,https://www.youtube.com/channel/UCZ5dNZsqBjBzbBl0l_IdmXg,https://www.twitch.tv/taka_2434
elaine celestia,"elaine,youtube,first,cecilia-lieberia,elaine-celestia,indonesian,virtual-youtuber,akhirnya-aku-debut,twitter,the-same-month,vtubers,re,memories,apex-legends,selia-aisnith,velary-lusticia,saikai,lisa,uru,untitled-goose-game,mythia-batford,niki,chiki,eyelainer,elainet-celestizen,magi,shingeki,kyojin,ghibli-movies,bakuman,one,piece,apex-legend,yoasobi,raon-lee,avril-lavigne,kpop,reina-keina,korigengi,elaine-celestia-ch,elainecelestia,facebook,elaine.celestia,instagram,tiktok,elainart,fanarts,memelain,memes,trakteer,streamlabs",https://static.wikia.nocookie.net/virtualyoutuber/images/f/fc/Elaine_Celestia_-_Portrait.jpg,https://twitter.com/ElaineCelestia,https://www.youtube.com/c/ElaineCelestia,
shumi shumikea,"indonesian,shumi-shumikea,virtual-youtuber,bentala-b-agency-group,hanskusaki,youta-miruo,gina-kirin,hoshizura-kiyuki,si-cantik-psycho,gen,shumi,three,english,japanese,javanese,youtube,facebook",https://static.wikia.nocookie.net/virtualyoutuber/images/4/42/Shumi_Portrait.png,https://twitter.com/Shumikea_kea?s=09,https://www.youtube.com/channel/UC1AwHzhQtt6sOJND9MVe0zg,
tada ace,"tada-ace,indonesia,indonesian,perkenalkan,tada",https://static.wikia.nocookie.net/virtualyoutuber/images/1/19/Tada_Ace.webp,https://twitter.com/TadaAce,,
ryoda akamazu,"ryoda-akamazu,youtube,a-male-indonesian-virtual-youtuber,halo-gue,indonesia,ryoda,helheim,archangel,gyota-akamazu,one-day,earth,kaum-sesat,ryoda-akamazu-ch,ryoda.vtuber,ryoda_fanart,fan-art",https://static.wikia.nocookie.net/virtualyoutuber/images/7/78/RyodaAkamazuHeadshot.jpg,https://twitter.com/ryoda_vtuber,,
alona driad,"virtual-youtuber,alona,alona-driad,indonesian,aka-virtual,re-debut-stream,sunda-empire,alona-driads,alonadriad,instagram,facebook,tiktok,trakteer,discord,iloclip,clip",https://static.wikia.nocookie.net/virtualyoutuber/images/9/99/Alona_Driad_-_Portrait_1.jpg,https://twitter.com/AlonaDriad,https://www.youtube.com/c/AlonaDriad,
alka,"indonesian-virtual-youtubers,indonesian,sonic-fans-club,lucafoxx,youtube,alkach,general,alkafanart,fan-art,alkaclip,clip,askalka,ask-me",https://static.wikia.nocookie.net/virtualyoutuber/images/d/d5/Alka_V2_Portrait.png,https://twitter.com/AlkaVtuber,,
lily ifeta,"evelyn,chloe-pawapua,reynard-blanc,lily,indonesian,re,memories,virtual-youtuber,vtubers,comifuro-twitter,comifuro-virtual,loket,twitter,virtual-j-fest,one,koplo-song,two,lilylive,livestream,lilygaming,lilysing,song,gombalily,flirts",https://static.wikia.nocookie.net/virtualyoutuber/images/b/b0/Lily_Ifeta_Headshot.jpg,https://twitter.com/LilyIfeta,https://www.youtube.com/channel/UCXSbl3XQYtx1u4Gvvca7NUA,
azura cecillia,"azura,youtube,nijisanji,nara-haramaung,miyu,twitter,indonesian,third,layla-alstroemeria,lan-neesans,nijisanji-id,claustrophobia,azura-cecillia,virtual-youtuber,mendarat-di-bumi,three,eon,one,vtuber,fortnite,azuliens,jugemu-jugemu-gokou-no-surikire-kaijarisuigyou-no-suigyoumatsu-unraimatsu-fuuraimatsu-kuunerutokoro-ni,sumutokoro-yaburakoouji-no,burakouji-paipopaipo-paipo-no,shuuringan-shuuringan-no,guurindai-guurindai,ponpokopii,ponpokonaa,choukyuumei,chousuke,japanese,final-fantasy-xiv,touhou-project,code-geass,evangelion,miyu-ottavia-s,ottaspace,ffxiv,keluarga-roti/keluarga-jebread,bread-family,taka-radjiman,minecraft,ho-ho-ho,english,weekly,cepullia-weekly-news,pixiv,azuras,azura-cecillia-ch,facebook-page,azura_art,fan,azegar,unofficial",https://static.wikia.nocookie.net/virtualyoutuber/images/3/3e/Azura_Cecillia_Portrait.png,https://twitter.com/Azura_Cecillia,https://www.youtube.com/channel/UCk5r533QVMgJUdWwqegH2TA,
mira fridayanti,"mira,mira-fridayanti,virtunix,youtube,mitsumaru-mashiko,indonesian,virtual-youtuber,ulang-ceritanya,kepo,miras-video,japanese,mashiko-mitsumaru,twitter,mira.mediaformasi,trakteer.id,gambarmira,fanart,miratalks,free",https://static.wikia.nocookie.net/virtualyoutuber/images/b/bd/Mira_Fridayanti_avatar.jpg,https://twitter.com/mira_frdynt,https://www.youtube.com/channel/UCKI3MdO4a1QvLrT_DWkH9eQ,
yuji ravindra,"virtual-journalist,indonesia,virtual-youtubers,dan-apa-konsep-saya,dev,subscribers",https://static.wikia.nocookie.net/virtualyoutuber/images/e/ec/YujiRavindra.png,https://twitter.com/YujiRavindra,,
shirageshi nana,"shirageshi-nana,nakama-virtual,nana,indonesian,virtual-youtuber,the-poppy-clinic,summer-island,summer,first,virtual-nakama,youtube,shiragesinana,facebook,trakteer,shirananart,fan,gwshira,health",https://static.wikia.nocookie.net/virtualyoutuber/images/7/72/Shirageshi_Nana_2nd_portrait.png,https://twitter.com/shirageshinana,,
hana macchia,"hana,youtube,nijisanji,nijisanji-id,hana-macchia,taka,twitter,second,taka-radjiman,zea-cornelia,first,three,elira-pendora,indonesian,english,japanese,virtual-liver,san-setbbq,zea,shu-yamino,bfp,lilypichu,nsfw,perkenalkan,aku-hana,evening,minecraft,virtual-on-voyage,reza-avanluna,layla-alstroemeria,odd-venture,bonnivier-pranaja,nijisanji-en,lazulight,pomu-rainpuff,finana-ryugu,nijifes,hana-macchia/discography,creator-super-fest,jakarta,xiaomi,kachou-fugetsu-sen,senja,dusk,banana-flower-plus,half,american,indonesia,kanji,harry,papa-macchia,doom-eternal,mick-gordon,mick,macchia,nijisanji-jp,sukoya-kana,machita-chima,handoko,twitch,vinny,vinesauce,amano-pikamee,voms-project,nicovideo,hana-macchia-ch,hanamacchia,hana_macchia,general,hanamaki_art,fan,hanakal,coretanhana,hanas,moegirl-encyclopedia",https://static.wikia.nocookie.net/virtualyoutuber/images/e/e6/Hana_Macchia_Portrait.png,https://twitter.com/Hana_Macchia,https://www.youtube.com/channel/UCpJtk0myFr5WnyfsmnInP-w,https://www.twitch.tv/HanaMacchia
ipochan,"indonesian,ipochan,indonesia,youtube,ah-kenalan,indonesia-vtuber,positif,spring-roll,the-same-month,youtuber,social-blade,twitter,instagram,ipo-kun,ipochan-official",https://static.wikia.nocookie.net/virtualyoutuber/images/c/c3/Ipo_Chan_2.jpg,https://twitter.com/OfficialIpochan,https://www.youtube.com/channel/UCSjLLQIcnRkrJsza-C8mDbw,
pavolia reine,"reine,youtube,indonesia,twitter,second,first,pavolia-reine,indonesian,takanashi-kiara,third,pavolia,kureiji-ollie,anya-melfissa,anya,ceres-fauna,ouro-kronii,nanashi-mumei,japanese,virtual-youtuber,ollie,one,gate-open,illusion-night,frontier,english,moona-hoshinova,ayunda-risu,merakyats,oozora-subaru,takane-lui,irys,kobo-kanaeru,kaela-kovalskia,vtubers,peafowl,plug,play,id,the-same-day,phogs,the-same-night,one-year-anniversary,love-me-love-me,smoloro,half,royal-tea,udin,peacock-magic-academy,holoro,comifuro-virtual,anime-boston,may,crunchyroll-expo-s,cosplay-mania-s,jam,youmacon,merak,merakyat,the-royaltea,royalty,pavonova,k.i.r.a,kopasu,pavonashi,holotall/holotiang,sharpea,gawr-gura,latin,pavo,kanjeng,onizuka,corpse-party,danganronpa,rpgmaker,bang-dream,kiryu-coco,tsukumo-sana,pavoliart,reinessance,renaissance,pavolia-reine-ch,pavolia-reines,facebook,fan,moegirl-encyclopedia,hololive-fan-wiki",https://static.wikia.nocookie.net/virtualyoutuber/images/d/d2/Pavolia_Reine_Portrait.png,https://twitter.com/pavoliareine,https://www.youtube.com/channel/UChgTyjG-pdNvxxhdsXfHQ5Q,
naikaze,"naikaze,indonesian,english,youtuber,brain-drain-gang,youtube,discord,nai_kaze,couriouscat,subreddit,naikazlive,live",https://static.wikia.nocookie.net/virtualyoutuber/images/1/18/Naikaze_Portrait.jpg,https://twitter.com/nai_kaze,https://www.youtube.com/c/Naikazech%E3%83%8A%E3%82%A4%E3%82%AB%E3%82%BC,https://www.twitch.tv/naikazetv
lumi celestia,"lumi,indonesian,second,nia-redalion,salam-kenal,indonesia,the-same-month,around-september,this-year,kulkas-geng,kulkasers,english,lumi-celestia-ch,youtube,lumicelestia,twitter,lumi-celestia,facebook,instagram",https://static.wikia.nocookie.net/virtualyoutuber/images/f/f7/Lumi-celestia-profile.png,https://twitter.com/LumiCelestia,,
chloe pawapua,"chloe,evelyn,lily-ifeta,reynard-blanc,indonesian,re,memories,chloe-pawapua-ch,pawapua,vtubers,youtube,comifuro-twitter,comifuro-virtual,loket,twitter,virtual-j-fest,apart,english,ku-lo-e,two,ui,pawapumeme,chloepawapuangehalugambarapa,chloes",https://static.wikia.nocookie.net/virtualyoutuber/images/4/4a/Chloe_Pawapua_Headshot.png,https://twitter.com/ChloePawapua,https://www.youtube.com/c/ChloePawapua,
tivo alexia,"indonesian,youtuber,presenter,sumatra,tivo,tivo-alexia,twitter",https://static.wikia.nocookie.net/virtualyoutuber/images/3/38/Tivo_Alexia_Basic_Costume.png,https://twitter.com/TivoAlexia?s=09,,
zea cornelia,"zea,youtube,nijisanji,twitter,indonesian,second,nijisanji-id,virtual-liver,hana-macchia,taka-radjiman,san-setbbq,first,three,taka,hana,automaton,berondong,cornelia,nijisanji-ids,virtual-on-voyage,conquer-the-night,nara-haramaung,raijuu,the-same-day,third,creator-super-fest,jakarta,anime-festival-asia,bea,popcorns,vtubers,english,japanese,kanji,zeanudin,zeacornelia,zea_cornelia,zea_art,fan,zeange,nsfw,zea-cornelia,unofficial",https://static.wikia.nocookie.net/virtualyoutuber/images/c/c8/ZEA_Cornelia_Portrait.png,https://twitter.com/ZEA_Cornelia,https://www.youtube.com/channel/UCA3WE2WRSpoIvtnoVGq4VAw,
cecilia lieberia,"cecilia,youtube,first,indonesian,elaine-celestia,youtuber,twitter,the-same-month,lily-ifeta,saikai,lisa,uru,kanaria,lieberian,hyouka,violet-evergarden,sket-dance,ghibli,jojo,mana-khemia,visual-novels,mobile-games,phasmophobia,uno,higedan,vocaloid,rainych,rossa,adele,english,cecilia-lieberia-ch,cecilia-lieberia,facebook,cecilialieberia,cilelive,livestream,cilesing,singing,cileart,fanart,trakteer,streamlabs",https://static.wikia.nocookie.net/virtualyoutuber/images/9/93/Cecilia_Lieberia_-_Portrait.jpg,https://twitter.com/CeciliaLieberia,https://www.youtube.com/c/CeciliaLieberia,
velary lusticia,"velary,indonesian,vft-ver,apex,velary-lusticia,aka-virtuals,indonesia-team,mai,caerula-aki,frederett,reinanda-rea,akemi-nekomachi,airi-cordelia,lala-alberich,selia-aisnith,virtual-youtuber,model-debut,earth,virtual,a-virtual-streamer,twitter,youtube,giran,mifanmara,dad-left,selia-hub-apex-legends-tournament,gumi,solace-amerta,kena-mental,aka-virtual,virtual-talent,fps,apex-tournaments,apex-legends,velarylusticia,twitch,velaryyy,tiktok,velalbum,fanart,velclips,clips,lusticia,nsfw",https://static.wikia.nocookie.net/virtualyoutuber/images/f/f9/Velary_-_Waist_Up.png,https://twitter.com/VelaryLusticia,https://www.youtube.com/c/VelaryLusticia,https://www.twitch.tv/velarylusticia
nalla aquiella,"youtube,indonesian,virtual-youtuber,perkenalan,vtuber,ketinggalan-kereta,nalla,seven-months-later,august,twitter,the-same-month,nallaaquiella,nalla-aquiella,facebook",https://static.wikia.nocookie.net/virtualyoutuber/images/a/ae/Nalla_Aquiella_Portrait.png,https://twitter.com/NallaAquiella,,
kyura veronica,"kyura,aspira-projects,youtube,japanese,indonesian,aspira-project,katya-felicia,yuga-altair,keteccsquad,kenal,menghiburmu,twitter,first,livestreamer,blood,kyurrr,dugong,vampire,budak,kyura-veronica-ch,kyura-veronica,facebook-fanpage,aspira,profile,dugongers,fan-name,kyurt,fanart,verovero,memes",https://static.wikia.nocookie.net/virtualyoutuber/images/5/5b/Kyura_potrait.png,https://twitter.com/KyuraVeronica,https://www.youtube.com/channel/UCG3bad66O-uoC4F5x3IzUZg,
erina kari,"indonesian,first,erina-kari,virtual-youtuber,kenalan,erinas-introduction,youtube,five-months,twitter,the-same-month,november,half,isekai,erina,english,japanese,vtuber,indonesia,erinakari,erinayam,general,erinaart",https://static.wikia.nocookie.net/virtualyoutuber/images/0/06/Erina_Kari_Portrait.jpg,https://twitter.com/ErinaKari?s=09,,
amemachi hanabi,"hanabi,youtube,tsunderia,japanese,english,amemachi,amemachi-hanabi,virtual-youtuber,tsunverse,orla-gan-ceann,hanabis,rainy,twitter,orla,gen,the-next-month,yappari-ame-wa,furunda,tuyu,the-same-day,one-month-anniversary,monetization,rainy-town,indonesian,wishlist-on-throne-gifts,hanabilive,live",https://static.wikia.nocookie.net/virtualyoutuber/images/3/32/AmemachiHanabi.png,https://twitter.com/amemachihanabi,https://www.youtube.com/channel/UC8yXRB_jKDeapwQak2i30EA,
reza avanluna,"nijisanji,youtube,fifth,first,nijisanji-ids,lullaby,second,third,hari-yang-cerah,indonesian,virtual-youtuber,derem-kado,nagisa-arcinia,tentang-sebuah-mimpi,vtubers,the-same-day,mimpi,virtual-on-voyage,odd-venture,hana-macchia-and-layla-alstroemeria,nijisanji-id,kigeki,twitter,tamvanluna,indonesia,avanluna,niji,mighty-morphin-power-rangers,one,japanese,death-note,coro-milk,cockroach,wikipedia,reza-avanluna,facebook,ahaanluna,fan,nsfw,apunluna,memes,unofficial",https://static.wikia.nocookie.net/virtualyoutuber/images/a/a8/Reza_Avanluna_Portrait.png,https://twitter.com/RezaAvanluna,https://www.youtube.com/channel/UC5yckZliCkuaEFbqzLBD7hQ,
layla alstroemeria,"nijisanji,first,indonesian,nara-haramaung,nijisanji-id,bakso,two,george-santyana,virtual-youtuber,third,azura-cecillia,lan-neesans,alstroemeria,laylas,alstroepedia,youtube,the-same-day,flying-get,taka-radjiman,zea-cornelia,rai-galilei,miyu-ottavia,kanaria,nijisanji-ids,virtual-on-voyage,odd-venture,hana-macchia,reza-avanluna,comifuro-twitter,layla,riksa-dhirendra,siska-leontyne,comifuro-virtual,siska,teambaksomeria,kiara-and-laika,kuroi-shiba,english,japanese,one-day,rome,bc,accidentaly,indonesia,borobudur,monas,today,layla-alstroemeria,facebook-page,fans,layla_scribbles,unofficial",https://static.wikia.nocookie.net/virtualyoutuber/images/6/69/Layla_Alstroemeria_Portrait.png,https://twitter.com/LaylaAlstro2434,https://www.youtube.com/channel/UCyRkQSuhJILuGOuXk10voPg,
mikazuki mai,"mai,mikazuki-mai,youtube,japanese,airi,english,virtual-youtuber,project-kavvaii-s,generation-lunetide,young,gwyn,zuozuo,twitter,the-same-month,project-kavvaii,aion-kaname,first,ojama-mushi,kazoku,buddies,bahasa-indonesia,bahasa-malaysia,korean,crescent-moon,moon,maihour,maitime,maimoment,mikazuklips,maightgowrong,maime,kavvaii,facebook,mikazukimai,maicrosoftpaint,fan,clips,memes,mikazoku",https://static.wikia.nocookie.net/virtualyoutuber/images/3/3e/Mikazuki_Mai_icon.jpg,https://twitter.com/MikazukiMai,https://www.youtube.com/channel/UCne9QOFAWzDpZBJlAljRywQ,
nurkai nyanya,"nyanya,youtube,nurkai-nyanya,indonesian,virtual-youtuber,perkenalan,indonesia,the-same-month,four-months,loli,japanese,nurkainyanya,facebook",https://static.wikia.nocookie.net/virtualyoutuber/images/0/01/Nurkai_Nyanya_Portrait.jpg,https://twitter.com/nurkainyanya?s=09,,
haruta danantya,"haruta,youtube,haruta-danantya,millie-adelaide,gita-melodia,twitter,love-live,indonesian,virtual-youtuber,aoi-id,second,vtubers,aoi-ids,harumates,indomie,fate,vivy,fluorite-eyes,bleach,fairy-tail,wotakoi,love-is-hard-for-otaku,horimiya,league-of-legends,genshin-impact,fate/grand-order,desert-online,bang-dream,the-idolm,ster-sidem,sawano-hiroyuki,owl-city,glee,haruta-danantya-ch,harutadanantya,haruta.danantya,facebook,trakteer,ko-fi,haruplay,stream-talk,fans,hrtgraphics,fan,harutard,memes",https://static.wikia.nocookie.net/virtualyoutuber/images/7/74/Haruta_Danantya_Portrait.jpg,https://twitter.com/HarutaDanantya,https://www.youtube.com/channel/UC8tSY_wqlGbu7avr4oLteKQ,
charles caitou,"charles,charles-caitou,virtual-youtuber,altered-wonderland,fiona-clearesta,esme-kingsleigh,igni-redmond,indonesia,underlands,charles-caitou-ch,metanoiaid,youtube,charlescaitou,caitoulive,live,caitouclip,clips,caitouart,fan,kyaaitou,nsfw",https://static.wikia.nocookie.net/virtualyoutuber/images/b/b3/Charles_Caitou.webp,https://twitter.com/CaitouCharles,https://www.youtube.com/channel/UCHJuCpPJkehJbLB6lJTB-vA,
chakra eisen,"chakra-eisen,indonesian,virtual-youtuber,indonesia,chakra,eisen,youtube,instagram,fanart",https://static.wikia.nocookie.net/virtualyoutuber/images/1/1e/Chakra_Eisen.jpg,,,
shiromu kara,"shiromu-kara,virtual-youtuber,indonesia,salam,aku-shiromu-kara",https://static.wikia.nocookie.net/virtualyoutuber/images/b/be/ShiromuKara.png,https://twitter.com/shiromu_kara,,
suzune corryn,"indonesian,japanese,necorryn,corryn,english,javanese,meow,rpg,visual-novels,english-indonesian,english-introduction,necorrynation,vtuber,youtube-channel,suzunecorryn,instagram,suzune",https://static.wikia.nocookie.net/virtualyoutuber/images/d/da/Suzune_Corryn_Portrait.png,https://twitter.com/suzunecorryn,,
siska leontyne,"siska,nijisanji,indonesian,youtube,first,virtual-youtuber,fourth,bonnivier-pranaja,etna-crimson,indonesia,yoru-ni-kakeru,yoasobi,nijisanji-id,comifuro-twitter,riksa-dhirendra,layla-alstroemeria,comifuro-virtual,siskamling,sistem-keamanan-lingkungan,community-security-system,nimu,sundanese,smol/luna,setan,devil,tai-lung,siska-leontynes,siska-leontyne,facebook,siskamantab,fan,nsfw,siskamemes,memes,unofficial",https://static.wikia.nocookie.net/virtualyoutuber/images/0/00/Siska_Leontyne_Portrait.png,https://twitter.com/SiskaLeontyne,https://www.youtube.com/channel/UC5qSx7KzdRwbsO1QmJc4d-w,
vera freyshana,"vera,vera-freyshana,youtube,apex-legends,japanese,virtual-youtuber,indonesia,twitch,fps,student-council,ganteng,vera-freyshanas,first,model,meet-you,one,nuggets,dandy-dragon,vft,shiromu-kara,ito-yokocho,ini-dimana,muse-id-apex-legends-tournament,ditanyaan,araasaurus,vda,bahasa-indonesia,english,kiraide-isasete,vocaloid,syudou,hiiragi-kira,azari,wotaku,youtube-channel,website,official,vera_art,fan,verafreyshana,veroosak",https://static.wikia.nocookie.net/virtualyoutuber/images/6/65/Vera_Portrait.png,https://twitter.com/vera_freyshana,https://www.youtube.com/c/VeraFreyshana,https://www.twitch.tv/verafreyshana
ravi narendra,"youtube,ravi,indonesian,virtual-youtuber,aoi-id,first,vtubers,starla-adiratna,mayu-kirana,mau-pesan,ravis,twitter,ravilatte,starlas-flower-shop,starla,pien-song,japanese,pien,ravinarendrda,trakteer,ravinarendra,general,fans,ravisi,memes",https://static.wikia.nocookie.net/virtualyoutuber/images/1/13/Ravi_Narendra_Portrait.jpg,https://twitter.com/RaviNarendra_,https://www.youtube.com/channel/UCz9s-nuaBT0DxKBQDpDB3Hw,
rena anggraeni,"rena,indonesian,kevin-vangardo,manusia-yang,indonesia,youtube,rena__anggraeni,rena___anggraeni,instagram,rena-anggraeni,facebook",https://static.wikia.nocookie.net/virtualyoutuber/images/f/f3/Rena_Anggraeni_-_Portrait.png,https://twitter.com/Rena__Anggraeni,,
dosei,"dosei,indonesian,saturn,youtube,japanese,virtual-youtuber,virtunix,debut-stream,earth,one-week-later,twitter,english,chinese,drawdosei,fan",https://static.wikia.nocookie.net/virtualyoutuber/images/3/32/Dosei_V2.png,https://twitter.com/DoseiVtuber,,
zen gunawan,"pp-news,youtube,panca-pagi-news,indonesian,virtual-youtuber,second,lumi-celestia,nama-saya,gunawan,twitter,japanese,minecraft,weekly,panca-petang-news,zengunawan,instagram",https://static.wikia.nocookie.net/virtualyoutuber/images/a/ab/Zen_Gunawan.jpg,https://twitter.com/ZenGunawan,,
serena shinju,"indonesian,japanese,serena,serena-shinju,page,indonesia,night,english,javanese,shinju,rpg,fps,phasmophobia,kekkai-sensen,puella-magi,madoka-magica,serenart,fanart,serenaillust,illustration,serenasings,serenaoracleday",https://static.wikia.nocookie.net/virtualyoutuber/images/9/98/Serena_Shinju_Portrait.jpg,https://twitter.com/SerenaShinju,https://www.youtube.com/c/SerenaCh,https://www.twitch.tv/serenashinju
alstreinst/noa aurlnyx,"english,virtual-youtuber,aurlnyx-ch,youtube",,https://twitter.com/Noa_Aurlnyx,https://www.youtube.com/channel/UCTeba5CXX0nwcYe1-elMYfw,
enji notokunchoro,"enji,raska-malendra,indonesian,arknet,rania-chiwawa,twitter,enji-nc,first,the-arknet-vtuber-agency,kenalan-yuk,platformers,fps,arcade,horor,the-dog-world,suburbs-of,jakarta,friend,the-same-day,enji-notokunchoro,vtubers,loket,virtual-j-fest,omg,enjineers,enji-n.-channel,youtube-channel,enji_nc,instagram,facebook,enjinart,fan,memenji,meme,enji_art,old",https://static.wikia.nocookie.net/virtualyoutuber/images/4/41/Enji_Notokunchoro.jpg,https://twitter.com/Enji_NC,https://www.youtube.com/channel/UCoKQhFQUtg6H09u6fHFN1AA,
uci,"uci,youtube,konata,kuromiya-konata,facebook-gaming,indonesian,virtual-youtuber,english,minecraft,monster-hunter-world,yu-gi-oh,duel,facebook,twitch,german,genshin,q,a,discord,animeys,community-discord",https://static.wikia.nocookie.net/virtualyoutuber/images/f/f0/Loebad2.png,https://twitter.com/PunishedLoebad,https://www.youtube.com/channel/UCiaJBimiEeT7ExkB-u8sWxw,
koguma keiya,"keiya,koguma-keiya,yume-reality,jolly-jungle,keroro-suika,indonesian,english,youtube,bagel,japanese,koguma,virtual-youtuber,aika-meru,pertama-koguma-keiya,indonesia,official-casual-a,awooo,twitter,first,dzakwana,yume-realitys,nekoyama-sena,nemutaka-yuta,dimensi-penuh-mimpi,jolly-jungles,two,meru,koguma-keiya/discography,keiyas,itachi,suika,keiyabai,nsfw",https://static.wikia.nocookie.net/virtualyoutuber/images/1/15/Koguma_Keiya_Portrait.png,https://twitter.com/kogumakeiya,https://www.youtube.com/channel/UC7-rH4CNst59je-r0D7ZWpg,
reinanda rea,"indonesian,aka-virtual,kaindra,reinanda-rea,youtuber,youtube,minecraft,custanda,customers-of-reinanda,stmj,fps,valorant,twitter",https://static.wikia.nocookie.net/virtualyoutuber/images/6/6c/Reinanda_Rea_-_Headshot.jpg,,https://www.youtube.com/c/ReinandaRea,
tsuyu hortenshia,"tsuyu,shia,indonesian,youtube,yume-reality,english,twitter,second,indonesia,virtual-youtuber,nekoyama-sena,nemutaka-yuta,cerys-lobelia,perkenalan,live,tsuyu-hortenshia,yume-realitys,treble-clef,white,two,one-year-anniversary,loket,virtual-j-fest,shiayang,sayang,dear,flamy,karaoke,rpg,rhythm-games,visual-novels,joseimuke,canada,tsuyu-hortenshias,yume,tsuyuhortenshia,instagram,tiktok,fan,shialive,shiawasee",https://static.wikia.nocookie.net/virtualyoutuber/images/3/33/Tsuyu_Hortenshia_Portrait.png,https://twitter.com/TsuyuHortenshia,,
lya fuyurin,"fuyu,ezo-momonga,lya-fuyurin,years,youtube,twitter,the-same-month,second,bocil-kematian,two,first,moona-hoshinova,fps-squirrel,loves,french-fries,introvert,nocturnal-creatures,lya-fuyurin-ch,fuyurin,trakteer,lyafuyurin,livefuyu,livestream,funadol,fuyutau,singing",https://static.wikia.nocookie.net/virtualyoutuber/images/a/a9/Fuyu.png,https://twitter.com/LyaFuyurin,https://www.youtube.com/c/lyafuyurinch,
nara aprilia,"nara,indonesian,virtual-youtuber,youtube,the-same-day,alia-adelia,nekora,cat,pekora,one,hololive,surakarta,indonesia,nasi-kucing,nara-aprilia-channel,youtube-channel,indoapril,discord-server",https://static.wikia.nocookie.net/virtualyoutuber/images/6/67/Nara_Aprilia_Headshot.png,https://twitter.com/naraaprilia_id,https://www.youtube.com/c/NaraApriliaChannel/,
riksa dhirendra,"riksa,nijisanji,second,sundanese,rai-galilei,nijisanji-id,taka,amicia-michella,miyu-ottavia,amicia,layla-alstroemeria,siska,indonesian,virtual-youtuber,rebo-nyunda,wednesday,youtube,four,twitter,clovermcover,creator-super-fest,jakarta,rai,miyu,comifuro-twitter,siska-leontyne,comifuro-virtual,friendliner,morning,jukut,monster-hunter-world,labour-day,nara-haramaung,riksa-dhirendra,facebook,riks_art,fan,nicovideo",https://static.wikia.nocookie.net/virtualyoutuber/images/1/12/Riksa_Dhirendra_Portrait.png,https://twitter.com/RiksaDhirendra,https://www.youtube.com/channel/UCkL9OLKjIQbKk2CztbpOCFg,
yuga altair,"yuga,indonesian,aspira-projects,first,borgar,yuga-altair,aspira-project,kyura-veronica,katya-felicia,keteccsquad,hawooo,kenalan-yuk,yugas,twitter,youtube,the-year,english,japanese,madura-language,burger,strawberry-milk,apex,card-games,genshin-impact,steins,gate,yoogaes,fansa,facebook-fanpage,profile,yugalive,streaming,yugart,fanart,yugagagaga,memes,yugabersuara",https://static.wikia.nocookie.net/virtualyoutuber/images/d/dd/Yuga_potrait.png,https://twitter.com/YugaAltair,,
alicemeow hikari,"indonesian,virtual-youtuber,alicemeow-hikari,indonesia,hikaris-introduction,alice,youtube,the-same-day,manga-kimetsu-no-yaiba,vtuber,six-days-later,first,manhwa,manga,bakmi,isekai,nekoisla",https://static.wikia.nocookie.net/virtualyoutuber/images/c/c9/Alicemeow_Hikari.png,,,
andi adinata,"andi,indonesian,virtual-youtuber,first,alia-adelia,nanarika,andi-adinata,indonesia,same-day,twitter,one,andi-adinata/discography,andi-adinata-channel,youtube-channel,adndiadinata_id,facebook",https://static.wikia.nocookie.net/virtualyoutuber/images/3/3e/Andiadinata.jpg,https://twitter.com/andiadinata_id,,
fei pradipta,"fei,fei-pradipta,virtual-youtuber,virtual-singer,indonesia,indonesian,english,sundanese,manga,edm,pokemon,party,fei-likes-slice-of-life,seinen-manga,coffee,fei-pradipta-ch,youtube,ko-fi.com,trakteer.id,vtubie,nicefart,fanart",https://static.wikia.nocookie.net/virtualyoutuber/images/c/c7/Fei_Pradipta.png,https://twitter.com/feipradipta,,
koshka buitenzorg,"koshka,koshka-buitenzorg,neko-airsoft-team,indonesia,buitenzorg,vtubers,indonesian,green-clothes,female-cat,russia,dutch-east-indies,airsoft,replica,joule,fps,kajiki,one,pdr-c,youtube,facebook,discord,koshcarrd,carrd-website,trakteer.id",https://static.wikia.nocookie.net/virtualyoutuber/images/7/7f/Koshka_Buitenzorg_V2.png,https://twitter.com/KoshkaB_Neko,https://www.youtube.com/c/OfficialNekoAirsoftTeam/,
kevin vangardo,"kevin,kevin-vangardo,indonesian,rena-anggraeni,indonesia,rena,kevin-dislikes,kevinvangardo,twitter,facebook",https://static.wikia.nocookie.net/virtualyoutuber/images/0/02/Kevin_Vangardo_-_Portrait.png,https://twitter.com/KevinVangardo,,
nara haramaung,"nara,nijisanji,azura-cecillia,youtube,nara-haramaung,third,layla-alstroemeria,lan-neesans,nijisanji-id,zea,sundanese,taka-radjiman,indonesian,virtual-youtuber,the-haramaung-tribe,three,nijisanji-ids,virtual-on-voyage,conquer-the-night,zea-cornelia,raijuu,niji,first,taka,hana,mbak-maung,mbak,javanese,maung,haramaung,dayak,the-island-of-borneo,similar,riksa,amicia,etna,banjarese,ffxiv,keluarga-roti/keluarga-jebread,bread-family,miyu-ottavia,nara_haramaung,twitter,facebook,marshmallow,general,maunggambart,fan,nsfw,memaung,memes,unofficial",https://static.wikia.nocookie.net/virtualyoutuber/images/3/30/Nara_Haramaung_Portrait.png,https://twitter.com/Nara_Haramaung,https://www.youtube.com/channel/UCoWH3sDpeXG1aXmOxveX4KA,
yasyfikun,"yasyfikun,indonesian,youtuber,debut-stream,new-model-unlocked,anak-yang-tergila-gila,menghitung,indonesia,rubik,english,sundanese,japanese,bleach,non-non-biyori,asobi-asorare,bofuri,komi-san,komyushou,genshin-impact,cookierun-kingdom,minecraft,roblox,friday,night-funkin,discounted-games,ashura,ado,yona-yona-dance,hoshimachi-suisei,chinozo,iman-mutiara,raihan,malaysia,sebelum-kau-bosan,iwan-fals,youtube,instagram,bocahpony,twitter,yaskipas,fanart,yasphi,memes",https://static.wikia.nocookie.net/virtualyoutuber/images/a/a0/YasyfiKun.jpg,https://twitter.com/Bocahpony,https://www.youtube.com/c/YasyfiKun,
lemon,"lemon,indonesian,virtual-youtuber,iria-lemon,one,one-day,youtube,twitter,vtubing,first,valorant,genshin-impact,phasmophobia,fps,lemon-ch,iria-lemoon,facebook",https://static.wikia.nocookie.net/virtualyoutuber/images/0/06/Lemon_Portrait.png,https://twitter.com/irialemon,,
millie adelaide,"haruta-danantya,gita-melodia,youtube,youtuber,indonesian,virtual-youtuber,aoi-id,second,vtubers,millie,first,aoi-ids,twitter,millie-adelaide,famillie,millie-adelaide-ch,trakteer,fans,artelaide,fan,adelawak,memes",https://static.wikia.nocookie.net/virtualyoutuber/images/e/e2/Millie_Adelaide_Portrait.jpg,https://twitter.com/MillieAdelaide,https://www.youtube.com/channel/UCaoMEH7IQ7OYYj73ZuoNJZg,
premia007/aidan clay amodeo,"aidan-clay-amodeo,indonesian,virtual-youtuber,lollipop,iced-americano,rabbits-and-cats,aidanamodeo,instagram",https://static.wikia.nocookie.net/virtualyoutuber/images/6/6f/Aidan_Close_Up.jpg,https://twitter.com/AidanAmodeo,https://www.youtube.com/channel/UC1bc-4B_b7Z0nTB87Xhqdpg,
irias yoruha,"indonesian,irias-yoruha,virtual-youtuber,velaris,yoruha,fried-rice,indomie,protagonist,naruto,kimetsu,yaiba,violet-evergarden,fugou-keiji,ngeteh,mv,hololive,youtube,iriasyoruha",https://static.wikia.nocookie.net/virtualyoutuber/images/9/9a/IriasYoruhaDisgusted.png,https://twitter.com/IriasYoruha,https://www.youtube.com/channel/UCvfCxUpcph6LxIIyWijs1CQ,
carina ai,"carina,indonesian,carina-ai,ai,indonesians,jakarta,sukabumi,kediri,magelang,afulu,german,italian,anime-indonesia,indonesia,japanese,main-youtube,mediajapbansel-carina-ai-profile,facebook",https://static.wikia.nocookie.net/virtualyoutuber/images/1/1e/Carina_Ai.PNG,,https://www.youtube.com/channel/UCE8lGDfZ6rR-zZ__zIfYwoA,
mia canasyna,"mia-canasyna,indonesian,fall-guys,she,asynan,one,youtube,miacanasyna,twitter,facebook,instagram",https://static.wikia.nocookie.net/virtualyoutuber/images/8/84/Mia_Canasyna.jpg,https://twitter.com/MiaCanasyna,,
meridia elinor,"nola,meridia,meridia-elinor,radna-avaritia,soo-suyu,eirene,virtual-youtuber,meridia-elinors,one-day,the-day,meri,one,kai,nola-ailme,elliance,meridia-elinor-ch",https://static.wikia.nocookie.net/virtualyoutuber/images/a/a4/Meridia_Elinor_portrait.png,https://twitter.com/MeridiaElinor,https://www.youtube.com/channel/UCMD__5eJOmoRmbDSJ3qN-Sg,
vian tuber,"alvian-angkasa-putra,vian-tuber,indonesian,youtuber,vian,bandung-city,west-java,two,sundanese,userlocal",https://static.wikia.nocookie.net/virtualyoutuber/images/7/7d/Vian_png.png,,,
gyota akamazu,"gyota-akamazu,indonesian,pendatang-baru-virtual,indonesia,gyota,ryoda-akamazu,gyota_vtuber,instagram",https://static.wikia.nocookie.net/virtualyoutuber/images/9/98/GyotaAkamazuHeadshot.PNG,,https://www.youtube.com/channel/UCdE06BpXzkgWWKgraUIpJIw,
kuuki tsuki,"kuuki-tsuki,indonesian,virtual-youtuber,virtunix,vtuber-indonesia,kuuki,konkuuki-konkuuki,fps,chifuyu,english,japanese,korean,twitter,trakteer",https://static.wikia.nocookie.net/virtualyoutuber/images/d/d9/Kuuki_Tsuki.png,https://twitter.com/kuukivt,,
airi cordelia,"airi,airi-cordelia,youtube,english,indonesian,fps,horror,twitter,twitch-channel,betta,aka-virtuals,indonesia-team,mai-aka-vtuber,frederett,reinanda-rea,akemi-nekomachi,velary-lusticia,bahasa-indonesian,vtuber-ikan-cupang,half,virtual-youtuber,indonesia,bahasa-indonesia,apex-legends,youtube-channel,the-same-day,debut-stream,first,kobo-kanaerus,original-song,this-same-day,affiliate,monetized,the-night,alphadachi,sigmadachi,greek-letters,alpha,sigma,aka-virtual,bettadachi,tomodachi,one,tiktok,voice-changers,a-few-days,female,valorant,apex,airicordelia,onairi,live/clips,cordeliart,fanart,cordelianjay,memes",https://static.wikia.nocookie.net/virtualyoutuber/images/5/59/Airi_Cordelia_Portrait.png,https://twitter.com/AiriCordelia,https://www.youtube.com/channel/UCMCBdyUhjf372hVCKDxoh8w,https://www.twitch.tv/airicordelia
mariela riona,"youtube,mariela-riona,indonesian,virtual-youtuber,terminal-village,mariela,youtuber-indonesia,riona,first,the-following-month,twitter,the-month,bakpao,bubble,karaoke,mariela.riona,instagram,marielariona,marielart,fan",https://static.wikia.nocookie.net/virtualyoutuber/images/4/43/Mariela_Riona_Portrait.jpg,https://twitter.com/MarielaRiona,,
rora meeza,"rora,alterly,earth,youtube,indonesian,milly-cotone,leifa-nerine,rhea-ageha,rumi-naita,rora-meeza,earthlings,more-than-an-hour,one,twitter,one-month,february,whim-management,esports,evos-esports,english,japanese,korean,rora-meeza-ch,nimo-tv,rora-meezas,facebook",https://static.wikia.nocookie.net/virtualyoutuber/images/1/11/Rora_Meeza_Portrait.jpg,https://twitter.com/rorameeza,https://www.youtube.com/channel/UCLraGWhk3uoEnZimNDDH8pA,
rumskii,"rumskii,twitch,youtube,indonesian,english,prikitiew,first,twitter,at-least-two-to-three-weeks,vtubers,luna-the-magikarp,kairuichan,website,official,sheep-bar,discord,mv-works,rmsklive,live-tag,artskii,fan,sullygnome-twitch,rumskii_ch,social-blade-twitch",https://static.wikia.nocookie.net/virtualyoutuber/images/8/8d/Rumskii.jpg,,,
vestia zeta,"zeta,youtube,indonesia,first,twitter,indonesian,third,kobo-kanaeru,bazo,greek,vestia-zeta,japanese,vestia,axel,hunter,virtual-youtuber,vtubers,kaela-kovalskia,mission,the-secret-archive-unit,axel-syrios,kureiji-ollie-s,her-debut-week,irys,this-date,aimer,valorant,kobo,second,id,bebas,iwa-k,crunchyroll-expo-s,frontier,zecretary,zetaibou,secret-unit,zepi,airani-iofifteen,zenya,anya-melfissa,bozet,moona-hoshinova,takobazo,ninomae-inanis,tako,zetame,watson-amelia,latin,vesta,sixth,holostars,hizaki-gamma,katakana,three,hakos-baelz,bleach,blue-lock,gitama,haikyuu,inazuma-eleven,kami,katekyo-hitman-reburn,koe-no,katachi,kuroko-no-basket,magi,one,piece,psycho-pass,psyren,the-korean-manhwa-solo-levelling,fps,apex-and-valorant,moon,jump-king,mafia,smash-bros,cooking-simulator,mother-simulator,mission-report,meme-review,late-night,asmr,apex-masters,yorumi-rena,ryu-hari,nijisanji,kurune-kokuri,yashiki-ciel-of-buisen,mizuboshi-yamu,english,korean,vestiazeta_hololiveid,twitch,vestia-zetas",https://static.wikia.nocookie.net/virtualyoutuber/images/b/b6/Vestia_Zeta_Portrait.png,https://twitter.com/vestiazeta,https://www.youtube.com/channel/UCTvHWSfBZgtxE4sILOaurIQ,https://twitch.tv/vestiazeta_hololiveid
maya putri,"maya,maya-putri,indonesian,indonesia,vtubers,solo,thousands,batik,almost-two-years,second,maya-putri/discography,anime-festival-asia,jakarta,three,shirakami-fubuki,jojo,youtube-channel,mayaputriid,twitter",https://static.wikia.nocookie.net/virtualyoutuber/images/e/e0/MayaPutri.jpg,https://twitter.com/mayaputriid,,
akewaru direza,"youtuber,indonesia,indonesian,english,mantan,days,that-day,october,youtube,akewaru_vtuber,twitter",https://static.wikia.nocookie.net/virtualyoutuber/images/e/eb/Akewaru_Direza.png,https://twitter.com/akewaru_vtuber,,
xeapher,"xeapher,indonesian,english,demon,youtube,twitter,strawberry,commission,general,xeart,fan",https://static.wikia.nocookie.net/virtualyoutuber/images/e/e7/XeapherIcon.jpg,https://twitter.com/xeyaya,,
esme kingsleigh,"esme,underland,esme-kingsleigh,virtual-youtuber,altered-wonderland,fiona-clearesta,charles-caitou,igni-redmond,perkenalkan,kingsleigh,arthur-kingsleigh,royal-knights,kakegurui,suzumiya-haruhi,yuutsu,yakusoku,neverland,idolm,ster,hanasaku,iroha,ghibli,pubgm,fire-emblem,metanoiaid,youtube,esme-kingsleigh-ch,esmekingsleigh,esmelive,esmeme,meme,esmerotic,nsfw",https://static.wikia.nocookie.net/virtualyoutuber/images/f/f0/Esme_Kingsleigh.jpg,https://twitter.com/EsmeKingsleigh,https://www.youtube.com/channel/UCA7tDob1IQiKWXnGktjPKQA,
hibiki kayomi,"hibiki,indonesia,english,twitter,japanese,vtubers,instagram,discord-server,virtual-youtuber,sunday,hibiki-kayomi,kayomi,j-pop,rock-songs,youtube,loket,indonesian,virtual-j-fest,bikky,bikey,hibby,haibaikai,nyotgang,now-youre-on-team-gang,koplo-/-dangdut-cover-song,virtual-biduan-/-virtual-sinden,first,second,tiktok,hoshino-mea,domyoji-cocoa,us,times-new-normal,jaret-fajrianto,ghosty,comic,spotify,hibiki_fanart,fan,hibiki_live,live,hibikikayomi,hibiclip,hibiki-clip",https://static.wikia.nocookie.net/virtualyoutuber/images/7/7a/Hibiki_Kayomi_New_Model.png,https://twitter.com/HibikiKayomi,,
stellaa,"stellaa,indonesian,indonesia,youtube,twitter,stella,virtual-youtuber,stellas-introduction,previous-years,five-months-later,muse-communication,one-year,indonesia-twitter,comifuro-twitter,daem,comifuro-virtual,loket,virtual-j-fest,korean,japanese,english,st.-iris-wizarding-school,witch-counselor,stellaa-ch,twitch,stellaastel,instagram,marshmallow,sapullaa,memes,letterfromstellaa,voice",https://static.wikia.nocookie.net/virtualyoutuber/images/7/7f/Stella_Astel_Portrait.jpg,https://twitter.com/stellaastel,https://www.youtube.com/c/StellaaCh,
nekoyama sena,"sena,twitter,youtube,indonesian,nemutaka-yuta,cerys-lobelia,ryuuki-tatsuya,indonesia,japanese,virtual-youtuber,yume-reality,tsuyu-hortenshia,perkenalan-nekoyama-sena,japan,one-year,second,about-a-month,yume-realitys,yume-realitys-jolly-jungle,dimensi-penuh-mimpi,loket,virtual-j-fest,duniaku,community-gathering-warga-duniaku,first,youtube-channel,bilibili,nekoyama-senas,nekoyama.sena,tiktok,nekoyama-sena,page,facebook,nekoyamasena,general,senaaart,fan,senmeme",https://static.wikia.nocookie.net/virtualyoutuber/images/f/f9/Nekoyama_Sena_Potrait.png,https://twitter.com/nekoyamasena,https://www.youtube.com/c/NekoyamaSena,
hinagawa kyomi,"kyomi,first,one,half,spirit,thousands-of-years,one-night,years,liver,weliver,twitter,ran,youtube,redebut-announcement,fox-spirit,hinagawa-kyomi-ch,hinagawa_kyomi,instagram,kyomi-hinagawa,tiktok",https://static.wikia.nocookie.net/virtualyoutuber/images/c/c3/Kyomi.png,https://twitter.com/HinagawaKyomi,,
julie,"julie,julie-or-julie-chan,indonesian,virtual-youtuber,julie-chan,alias,julie-chan-wesper-id,youtube,julie.ch.wesper.id,instagram,julie-chan-server,discord",https://static.wikia.nocookie.net/virtualyoutuber/images/9/9d/Julie.ch.wesper.jpg,,https://www.youtube.com/c/JulieChanChWesperID,
ratih indah pertiwi,"ratih,indonesian,virtual-youtuber,artesia-visca,anisa-indrianti-utami,perkenalan-ratih,tessa,aiu,indonesia,ripratih,rip.ratih,instagram",https://static.wikia.nocookie.net/virtualyoutuber/images/e/e7/Ratih_Portrait.jpg,https://twitter.com/RipRatih,,
zhazha,"zhazha,virtual-youtuber,japanese,indonesia,youtube,fps,apex-legends,rainbow-six-siege,valorant,battle-royale,fortnite,first,bahasa-indonesia,english,porter-robinson,madeon,website,official",https://static.wikia.nocookie.net/virtualyoutuber/images/8/84/Zhazha-us.png,https://twitter.com/ZHAZHAMAX,https://www.youtube.com/c/zhazha,
miyu ottavia,"miyu,nijisanji,youtube,rai-galilei,miyu-ottavia,nijisanji-id,taka-radjiman,first,indonesian,second,riksa-dhirendra,amicia-michella,beaver,nara-haramaung,twitter,ottagang,japanese,azura,ottaspace,otter,azura-cecillia,virtuareal,virtual-youtuber,aku-miyu,us,four,flying-get,zea-cornelia,layla-alstroemeria,kataomoi,aimer,reddit,nijisanji-ids,virtual-on-voyage,clovermcover,gurin,onomachi-haruka,yang-nari,creator-super-fest,jakarta,amicia,riksa,rai,ottagang-magang,fps,apex-legends,ue-ue,berang-berang,biwara,crutel,one,ffxiv,keluarga-roti/keluarga-jebread,bread-family,fourth,hana-macchia,bonnivier-pranaja,the-official-nijisanji-subreddit,umi-sonoda,love-live,english,miyu-ottavias,facebook,miyu_ottaviart,fan,memeyu_ottavia,memes,unofficial-nijisanji-wiki",https://static.wikia.nocookie.net/virtualyoutuber/images/0/01/Miyu_Ottavia_Portrait.png,https://twitter.com/MiyuOttavia,https://www.youtube.com/channel/UCOmjciHZ8Au3iKMElKXCF_g,
aprilkun,"aprilian,aprilia,first,third,aprilkun,fourth,goddess-akuina,luxerna,indonesian,virtual-youtuber,aratasan,kurokami-riha,lhiya-chan,nimiru-hisuikami,debut-stream,second,april,japan,hajime-shimotsu,years,aprilian-pratama,lance,carrd,twitter,tiktok,apriliart,fan,aprilive,live",https://static.wikia.nocookie.net/virtualyoutuber/images/c/c6/Aprilkun_Portrait.jpg,https://twitter.com/aprilkun13,https://www.youtube.com/c/Aprilkun,https://www.twitch.tv/aprilkun13
airani iofifteen,"youtube,indonesia,twitter,first,japanese,indonesian,iofi,aragami-oga,airani-iofifteen,moona,risu,english,sora,airani,moona-hoshinova,ayunda-risu,second,third,the-day,fourth,frontier,kureiji-ollie,korean,bang-dream,virtual-youtuber,vtubers,anak-alien-biasa,vcd,alien-alien,nayutalien,independence-day,bersama-ioforia,rikka,gen,two,the-year,showcase,october,indonesea,comifuro-virtual,crunchyroll-expo-s,kira-kira-collab,arurandeisu,kira-kira-family,kira-kira-club,shirakami-fubuki,unidemons,deep-blizzard-miyuki,watafi,tsunomaki-watame,zombilien,astel-leda,ogabisa,zepi,vestia-zeta,iollie,sundanese,german,one,anime,video-games,hiragana,katakana,kanji,idolm,ster,roselia,minato-yukina,tonsillitis,tokino-sora,otaku,monthly,otaku-radio,iosoradio,tweet,one-day,the-morning,airani-iofifteens,airaniiofifteen,facebook,airani_iofifteen,tiktok,art-tutorials,hololive-fan-wiki",https://static.wikia.nocookie.net/virtualyoutuber/images/c/cb/Airani_Iofifteen_-_Portrait.png,https://twitter.com/airaniiofifteen,https://www.youtube.com/channel/UCAoy6rzhSf4ydcYjJw3WoVg,
ryuuki tatsuya,"tatsuya,indonesian,yume-reality,nekoyama-sena,twitter,virtual-youtuber,nemutaka-yuta,cerys-lobelia,tsuyu-hortenshia,naga,kyak-gimana-sih,first,iam-dragon,wohooohoooo-pogpogpog-bahasa-indonesia,english,japan,vtubers,two,yume-reality-twitter,ryuuki,loket,virtual-j-fest,duniaku,nekomata-sena,community-gathering-warga-duniaku,tatchuunis,tatsuya-and-chuunibyou,ukiki,earth,youtube,ryuuki-tatsuyas,yume,instagram,ryuukitatsuya,tatsutorimu,live,tatsuyart,fan,astagadoragon,meme,fanbase",https://static.wikia.nocookie.net/virtualyoutuber/images/7/7c/Ryuuki_Tatsuya_Portrait.png,https://mobile.twitter.com/Ryuuki_Tatsuya,,
gema gathika,"gema,gema-gathika,indonesian,aka-virtuals,indonesia-team,mai-aka-vtuber,frederett,airi-cordelia,akemi-nekomachi,velary-lusticia,aka-virtual,meme,facebook,discord,gemagathika,ggemart,fanart",https://static.wikia.nocookie.net/virtualyoutuber/images/5/52/Gema_Gathika.jpg,https://twitter.com/GemaGathika,https://www.youtube.com/channel/UC9Mfuai-qdXnTTFN0Z3hkAA,
gentiana helix,"gentiana,helix,youtube,charlotte-sylvilia,twitter,lady-charlotte,first,gentiana-helix,louise-khikume,leone-halcon,indonesian,english,deutsch,german,negen,the-grand-archives,jewel,three,charlotte,two,firstly,ring-fit,helixcious,direwolf,bdsm,snowdrop,papernoise,tatsulynn,snowdrop-id,gentianahelix,general,gentiana_live,live,helixlust,fan,gentimeme,memes",https://static.wikia.nocookie.net/virtualyoutuber/images/d/de/Gentiana_Helix_portrait.jpg,https://twitter.com/Gentiana_Helix,https://www.youtube.com/channel/UCT5aSxMIv85OaqTA7oAvi4g,
nanarika,"nanarika,indonesian,virtual-youtuber,first,alia-adelia,andi-adinata,nolep-gamers,mobile-legends,bang-bang,more-than-a-year,nanarika-channel,youtube-channel,nanarikachannel",https://static.wikia.nocookie.net/virtualyoutuber/images/b/ba/Nanarika.jpg,https://twitter.com/NANARIKA_Vtuber,,
ayunda risu,"risu,first,indonesia,youtube,twitter,ayunda,indonesian,aragami-oga,moona,japanese,airani-iofifteen,second,ayunda-risu,moona-hoshinova,inugami-korone,korone,third,fourth,frontier,kureiji-ollie,usada-pekora,cosmicube,pavolia-reine,nanashi-mumei,risuners,arurandeisu,english,ddd,virtual-youtuber,vtubers,idol,risus,revision-original,iofi,ochame-kinou,independence-day,kanaria,iofifteen,fuchsia-flowers,fleur-de-lis,the-year,alice,u,euro-truck,harapan-panpanpan,showcase,indonesea,two,ayunda-risu/discography,comifuro-virtual,crunchyroll-expo-s,cosplay-mania-s,shirakami-fubuki,ookami-mio,nekomata-okayu,houshou-marine,watson-amelia,gawr-gura-s,among-us,youmacon,ceres-fauna,riscot,listeners,prisuners,prisoners,kira-kira-collab,kira-kira-family,kira-kira-club,hakos-baelz,world-domination-duo,kopasu,kobo-kanaeru,tupaia-splendidula,ruddy-treeshrew,splendid-squirrel,one-day,piggy-bank,dislikes,zen-gunawan,motoaki-tanigos,yagoo,phasmaphobia,kirakira-collab,gambarisu,gambar-+-risu,picture/image-of-risu,irisutration,en,nonstop-nut-november,no-nut-november,nonstop-nut,november,devour-doughnut-december,the-following-day,each-day,nnn,the-following-month,christmas-day,holostars",https://static.wikia.nocookie.net/virtualyoutuber/images/d/de/Ayunda_Risu_-_Portrait.png,https://twitter.com/ayunda_risu,https://www.youtube.com/channel/UCOyYb1c43VlX9rc_lT6NKQw,
frederett,"fre,youtube,virtual-youtuber,aka-virtual,frederett,indonesian,vtubers,rora-meeza,milly-cotone,rhea-ageha,asakura-lie,agency,independent-virtual-youtubers,one-day,bush,vtuber,indonesia-affiliate,indonesia,pokemon,pokemon-trainers,trakteer,general,freart,fan,freclips,clip",https://static.wikia.nocookie.net/virtualyoutuber/images/d/da/Frederett_portrait.jpg,https://twitter.com/Frederett_,https://www.youtube.com/c/frederett,
gita melodia,"gita,youtube,aoi-id,haruta-danantya,millie-adelaide,indonesian,virtual-youtuber,second,vtubers,first,aoi-ids,twitter,gita-melodia,simphony,gita-melodia-ch,gitamelodia,ko-fi,melochromia,fan",https://static.wikia.nocookie.net/virtualyoutuber/images/e/ea/Gita_Melodia_Portrait.jpg,https://twitter.com/GitaMelodia_,https://www.youtube.com/channel/UC_kXwuVBllPLND_2sUtlxjg,
caerula aki,"akemi-nekomachi,twitter,indonesian,aka-virtual-s,indonesia,mai-aka-vtuber,frederett,reinanda-rea,velary-lusticia,airi-cordelia,lala-alberich,selia-aisnith,bahasa-indonesian,english,japanese,gen,youtube-channel,first,cinderella,cae-and-misoe,facebook,aka-virtual,caerula-aki,bakadomo,caes,dislikes,oshi,cae-and-tsuyu-hortenshia,daem,stellaa,pinkhue-bros,louis,beastars,one,youtube,caerulaaki,clips,caerulart,fan,caerusak,memes",https://static.wikia.nocookie.net/virtualyoutuber/images/f/f2/Caerula_Aki_portrait.jpg,https://twitter.com/CaerulaAki,https://www.youtube.com/c/CaerulaAkiCh,
rae laveire,"twitch,first,rae,indonesia,indonesian,english,japanese,vtuber-intro-doe,virtual-elf,shelf,intro,twitter,youtube,mii,one-year-anniversary,gleaming-ray,summer,autumn,japan,dislikes,asmr,ara-ara,rae-laveire,artstation,villa-laveire-la-rae-da-villa,discord,laveire_live,live,raecchi,fan,nsfw,clip/shitpost,utarae,cover/songs,raecord,announcement",https://static.wikia.nocookie.net/virtualyoutuber/images/b/b7/Rae_Laveire_Portrait.png,https://twitter.com/raelaveire,https://www.youtube.com/channel/UCBsIaqYpBHUPpf9n69lM8PA,https://www.twitch.tv/raelaveire
keroro suika,"suika,keroro-suika,youtube,yume-reality,keroro,koguma-keiya,first,jolly-jungle,japanese,virtual-youtuber,yume-reality-s,aika-meru,perkenalan,live,katak-yang,indonesia,official-casual-a,haroro,cui,indonesian,english,follow-cuis,twitter,hyakkisai,kanaria,dzakwana,yume-realitys,nekoyama-sena,nemutaka-yuta,dimensi-penuh-mimpi,jolly-jungles,aika-meru/discography,suikas,ottah,keiya,nagisa-arcinia,bilibili,kerorosuika,suikadventure,keroative,fanart,cuiyabe",https://static.wikia.nocookie.net/virtualyoutuber/images/e/e5/Keroro_Suika.png,https://twitter.com/KeroroSuika,https://www.youtube.com/c/KeroroSuika,
evelyn,"evelyn,twitter,indonesian,youtube,vtubers,reynard-blanc,sasuke,re,memories,indonesia,chloe-pawapua,epelables,lylyn,evelyday,general,evelewd,asmr,every-day,nsfw,yandere,valentine,first,zettai-ryoiki,memories-agency,the-same-day,comifuro-twitter,comifuro-virtual,fju,artesia-visca,mintchan,jakarta-metaverse,loket,virtual-j-fest,gaco-games,rpg,amy,epel,facebook,receh,two,naruto,alban-knox,nijisanji-en,epelable,jaret-fajrianto,pak-ipul,saipulin,fiji,sam-da-soo,perfect,kirantidaeng,kiranti,monthly,kratindaeng,nutrisabeer,nutrisari,coca-cola,kizuna-ai,siro,shirakami-fubuki,michael-jackson,ayunda-risu,kimino-miya,hanjo,bossa-nova-vocaloid-medley,haihalo.epel,page,reality,epelrandomnoice,voice,epelaper,food,scribblepel,art",https://static.wikia.nocookie.net/virtualyoutuber/images/e/e9/Evelyn_V.3.png,https://twitter.com/EpelEvelyn,https://www.youtube.com/c/HaiHaloEpel,
hoshizora chiyuki,"hoshizora-chiyuki,youtube,twitter,indonesian,virtual-youtuber,bentala-b,serigala-setengah,yang-siap-menggoda-kalian,yahooo,wolf,la-madeleine-kaylee,indonesia,chiyu,bentala-b-on,the-same-month,echichi,japanese,chiyuki,hoshizorachiyuki,general,chiyunfo,announcement,chilewd,nsfw,livezora,live,chichimem,memes",https://static.wikia.nocookie.net/virtualyoutuber/images/e/ef/Hoshizora_Chiyuki_Portrait.jpg,https://twitter.com/HzChiyuki_?s=09,,
nixie waverly,"nixie,scylla-brantley,snowdrop,youtube,twitter,virtual-youtuber,indonesian,english,javanese,japanese,korean,pembawa-keberuntungan,one-day,the-same-day,niximp,konixiewa,otsukoi,cyprinus-carpio,koi,femboy,scp,rpg-maker-horror,koicak,memes",https://static.wikia.nocookie.net/virtualyoutuber/images/4/45/Nixie_Waverly.jpg,https://twitter.com/NixieWaverly,https://www.youtube.com/channel/UCZODpwXdBqSVDAY1Tyf-bOQ,
suzumiya aizu,"aizu,youtube,suzumiya-aizu,korigengi,subathon,japanese,suzumiya,indonesian,virtual-youtuber,eiko-yukashi,one,four-months-later,twitter,the-same-month,march,the-same-day,farewell,aizteru,jumpscare,thriller,gore/sadistic,eiko,titan,the-south-pole,ailive,livestream,aizumeme,meme",https://static.wikia.nocookie.net/virtualyoutuber/images/5/53/Suzumiya_Aizu_Portrait.jpg,https://twitter.com/SuzumiyaAizu/,,
mai melody,"mai,melody,one,mai-melody,english,first,harmony,cacophony,kakkovvony,kakos,two,terra,vtuber-q,a-self-introduction,rhythm,every-day,music,euphony,greek,queen-kakkovvony,kakkovony,queen-kakkovo,darlings,queen-kakkovvony-mai-darlings,mai-the-melody,humanity,lea-salonga,fan-name,maidarlings,art,asmr,meme,dorimai,karaoke,covers,spotimai,otsukaresa-mai-deshita,indonesian,korean,japanese,discord,mai-basement",https://static.wikia.nocookie.net/virtualyoutuber/images/c/c3/Mai_Melody_ii.png,https://twitter.com/maimelodych,https://www.youtube.com/channel/UC7RbardkFI-AeQ0qNUsLJCQ,https://www.twitch.tv/maimelodych
mayu kirana,"mayu,aoi-id,aoi-ids,twitter,ravi,starla,youtube,indonesian,virtual-youtuber,first,vtubers,ravi-narendra,starla-adiratna,aku,about-a-week,funyaa,loli,one,tante-k,mayukirana,trakteer,marshamallow,mayutub,stream,mayuuart,fan,mayuinfo,information",https://static.wikia.nocookie.net/virtualyoutuber/images/5/55/Mayu_Kirana_Portrait.jpg,https://twitter.com/MayuKirana,https://www.youtube.com/channel/UCINDsd1TrURIMKVl3G4nA7Q,
anya melfissa,"anya,youtube,second,indonesia,twitter,indonesian,kureiji-ollie,pavolia-reine,ollie,first,anya-melfissa,reine,third,frontier,ouro-kronii,irys,japanese,virtual-youtuber,vtubers,gura,rushia,id,the-same-day,gira-gira,ado,one-year-anniversary,smoloro,anya-melfissa/discography,comifuro-virtual,crunchyroll-expo-s,anime-festival-asia,anime-festival-asia-singapore,melfriends,melhomies,k.i.r.a,ceres-fauna,zenya,vestia-zeta,tsunomaki-watame,ninomae-inanis,keris,kris,gacha-games,shirakami-fubuki,fate/grand-order,rpg,fate/zero,monogatari,rozen-maiden,lustrous,fubukis,hololive-id,anya-melfissa-ch,anya-melfissas,facebook,instagram,anya_melfissa,general,liveissa,stream,anyatelier,fan,moegirl-encyclopedia,hololive-fan-wiki",https://static.wikia.nocookie.net/virtualyoutuber/images/f/ff/Anya_Melfissa_Portrait.jpg,https://twitter.com/anyamelfissa,https://www.youtube.com/channel/UC727SQYUvx5pDDGQpTICNWg,
karissa sharlotte,"indonesia,karissa,karissa-sharlotte-ch,karissa-sharlotte,virtual-youtuber,janu-ranata,tada-ace,aruna-seraphina,perkenalan-karissa-sharlotte,earth,demon,loket,twitter,indonesian,virtual-j-fest,metanoiaid,youtube-channel,karisharl,karissasharlotte,instagram,facebook,trakteer,kariisa-sharlotte-ch,streamlabs,karisharl_live,live,karisharl_clip,clips,karillust,fanart,karitsah,meme",https://static.wikia.nocookie.net/virtualyoutuber/images/9/95/Karissa_Sharlotte.webp,https://twitter.com/KariSharl,,
amicia michella,"amicia,second,nijisanji,youtube,nijisanji-id,rai-galilei,riksa-dhirendra,miyu-ottavia,miyu,riksa,rai,creator-super-fest,jakarta,first,twitter,chita,amicia-michella,indonesian,virtual-youtuber,namaku-amicia,four,clover-mcover,taka-radjiman,allegro-cantabile,suemitsu,the,suemith,koizora-yohou,clovermcover,several-minutes,two,christmas,three-days,javanese,amiciamichella,twitch,facebook,amicia_michellart,fan,amicinart,amicias,unofficial",https://static.wikia.nocookie.net/virtualyoutuber/images/6/61/Amicia_Michella_Portrait.png,https://twitter.com/AmiciaMichella,https://www.youtube.com/channel/UCrR7JxkbeLY82e8gsj_I0pQ,https://www.twitch.tv/amiciamichella
fiona clearesta,"fiona,fiona-claresta,virtual-youtuber,altered-wonderland,esme-kingsleigh,charles-caitou,igni-redmond,indonesia,underland,radwimps,yanagi-nagi,aimer,takayan,yoasobi,todoke,overlord,datta-ken,valorant,phasmophobia,apex-legends,fiona-clearesta-ch,metanoiaid,youtube,fionaclearesta,instagram,fiocleart,fan",https://static.wikia.nocookie.net/virtualyoutuber/images/d/da/Fiona_Clearesta.jpg,https://twitter.com/FionaClearesta,https://www.youtube.com/channel/UCb-cLXWVOGVJHfkIfHt8Dfg,
mago hiyoko,"indonesian,english,mago-hiyoko,japanese,korean,twitch,youtube,magohiyoko,twitter",https://static.wikia.nocookie.net/virtualyoutuber/images/e/e7/Mago_Headshot.jpg,https://twitter.com/magohiyoko,https://www.youtube.com/channel/UCxZ4vVa_PbnMPX5qT-RVpDQ,https://www.twitch.tv/magohiyoko
aika meru,"meru,indonesian,yume-reality,youtube,first,jolly-jungle,japanese,keroro-suika,koguma-keiya,english,twitter,virtual-youtuber,perkenalan,live,tukang,indonesia,meek,all-day,aika-meru,youtuber,the-same-month,tsumiki,dzakwana,yume-realitys,nekoyama-sena,nemutaka-yuta,dimensi-penuh-mimpi,jolly-jungles,two,keiya,aika-meru/discography,merus,maru,three,bambeaus,bakers,oolong,earl-grey,manga,domu,furaisen,iekushi-chapipi,kurohana-inori,alchemilla-menace,oumiya-emma,cyberlive,chocohana-mynthia,rosalina-kuroe,aikameru,twitch,pandraw,fan",https://static.wikia.nocookie.net/virtualyoutuber/images/b/b2/Aika_Meru.png,https://twitter.com/aikamewu,https://www.youtube.com/channel/UC3tZI-nRXL6wRZjmNoHZ9dA,https://www.twitch.tv/aikameru
ninomiya sho,"japanese,ninomiya-sho,charlotte-sylvilia,alden-ryouken,youtube,twitter,ninomiya,virtual-youtuber,snowdrop,english,indonesian,chinese,thousand-year-old,nine,tenko,zenko,two,the-same-day,kitsufans,shomai,bl,ninomiyasho,general/memes,seishow,live,shoillust,fan-art",https://static.wikia.nocookie.net/virtualyoutuber/images/a/ae/Ninomiya_Sho.png,https://twitter.com/NinomiyaShoVT,https://www.youtube.com/channel/UCQBWPJIGvWPLIMSHdU7563Q,
radna avaritia,"kai,radna-avaritia,meridia-elinor,soo-suyu,youtube,second,virtual-youtuber,radna-avaritias,one,radna,nola-ailme,radnakama,radnavaritia",https://static.wikia.nocookie.net/virtualyoutuber/images/f/fa/Radna_Avaritia_portrait.png,https://twitter.com/AvaritiaRadna,https://www.youtube.com/channel/UC2Mk7x_7lJOcBFDkweUqQwA,
tamachi kanna,"kanna,first,twitter,kanna-tamachi,virtual-youtuber,indonesia,english,bahasa-indonesia,cuteness,kintamani,the-dog-world,youtube,membership,birthday-party,envy-baby,anime-festival-asia,rikudou-yura,kamizuki-naki,oumiya-emma,liliana-vampaia,the-day-stage-segment,anime-festival-asia-singapore,tamadachi,chae-ara,kamishiro-rita,aiba-uiha,kisaragi,tobi-shigoku,raska-malendras,cardcaptor-sakura,toriko,kimetsu,yaiba,dungeon,danmachi,youtube-channel,kannatamachi,instagram,facebook,donate,main,artamachi,fanart,feedkanna,kannas",https://static.wikia.nocookie.net/virtualyoutuber/images/6/62/Kanna_tamachi_vtuber.png,https://twitter.com/kannatamachi,https://www.youtube.com/channel/UChEe0jSUdb2ox9wQFYkByEQ,
fukunaga ran,"ran,first,liver,youtube,fukunaga-ran,indonesian,virtual-youtuber,the-first-generation-indonesia,vtubers,hinagawa-kyomi,shiragami-reo,aishuu-bea,weliver,twitter,jst,redebut-announcement,zrex,aino,rangers,j-pop-and-drama,ran-fukunaga-ch",https://static.wikia.nocookie.net/virtualyoutuber/images/c/cc/Fukunaga_Ran_Portrait.png,https://twitter.com/FukunagaRan,https://www.youtube.com/c/RanFukunagaCh%E7%A6%8F%E6%B0%B8%E5%B5%90,
leone halcon,"leone,first,louise-khikume,two,youtube,twitter,leonehalcon,leonstream,live,leonart,fan,virtual-youtuber,snowdrop,gentiana-helix,indonesian,english,javanese,japanese,leone-halcon,one-day,welcome-to-earth,four,angela,griffly,winter-to-spring,the-same-day,half-eagle-half,one,mama,mecha,rpg,fps,hybrid,yugantama-ren,gentiana-helixs,helix,twitch",https://static.wikia.nocookie.net/virtualyoutuber/images/a/a1/Leone_Halcon.jpg,https://twitter.com/LeoneHalcon,https://www.youtube.com/c/LeoneHalcon,https://www.twitch.tv/leonehalcon
minerva rosaline,"minerva,first,youtube,third,virtual-youtuber,indonesia,twitter,the-same-month,nirmala-yumeria,second,mitsugetsu-un-deux-trois,minecchi,one-year-anniversary,the-last-day,donothon,fourth,minrin,roman,shakespeare,romeo,juliet,manga,isekaied,a-demon-queen,mineclip,clip",https://static.wikia.nocookie.net/virtualyoutuber/images/d/d3/Minerva_Rosaline_Portrait.png,https://twitter.com/MineRose_id,https://www.youtube.com/c/MinervaCh,
aruna seraphina,"aruna,aruna-seraphina,indonesian,aruna-seraphina-ch,virtual-youtuber,kenalan,indonesia,loket,twitter,virtual-j-fest,japanese,moon,hindi,seraphina,vtubers,metanoiaid,youtube,trakteer.id,arunaseraphina,facebook,instagram,marshmallow,arun_art,fan,arunaseruphina,memes,arunaserapinus,nsfw",https://static.wikia.nocookie.net/virtualyoutuber/images/f/fc/Aruna_Seraphina.webp,https://twitter.com/ArunaSeraphina,,
kai superbia,"argo,first,argo-hastanta,eirene-mireilla,saniq,kai-superbias,kai,superbia,virtual-youtuber,san-iq,kai-superbia,one-day,youtube,three,kailings,one,kaisuperbia,superbiart,arts",https://static.wikia.nocookie.net/virtualyoutuber/images/6/6c/Kai_Superbia_Portrait.png,https://twitter.com/KaiSuperbia,https://www.youtube.com/channel/UCLlo-2jUlzeh10bGTNO4tNA,
alden ryouken,"alden,alden-ryouken,empire,charlotte-sylvilia,ninomiya-sho,ilburn,princess-sylvilia,youtube,snowdrop,indonesian,english,javanese,french,one-day,rebels,two,twitter,the-same-day,denrling,doberman,aldenryouken,aldenart,fan",https://static.wikia.nocookie.net/virtualyoutuber/images/8/83/Alden_Ryouken.jpg,https://twitter.com/AldenRyou,https://www.youtube.com/channel/UCe5oBAWYFiNLMe_RtRvxcjQ,
aoi sora,"sora,aoi-sora,indonesian,kenalan,indonesia,aoi-sora-channel,youtube-channel,sora-aoi,twitter,facebook",https://static.wikia.nocookie.net/virtualyoutuber/images/4/48/Sora.jpg,https://twitter.com/soraaoi_tube,,
lala alberich,"lala,virtual-youtuber,twitter,youtube,lala-alberich,aka-virtual,first,mai,caerula-aki,frederett,velary-lusticia,airi-cordelia,akemi-nekomachi,selia-aisnith,hai-duniaaa,kucing,indonesia,night,virtual-j-fest,i-wanna-kill-you,takayan,aka-virtuals,september,may,apex,lalaalberich,lalalberich,trakteer,carrd",https://static.wikia.nocookie.net/virtualyoutuber/images/e/ec/Lala_Alberich.png,https://twitter.com/Lalaalberich,https://www.youtube.com/c/LalaAlberichCh,
mythia batford,"mythia,youtube,indonesian,second,twitter,the-same-day,odot,mythiabatford,virtual-youtuber,english,mythias-introduction,mita,the-same-month,cukup,super-chat,super-stickers,two,third,loli-miti,loket,virtual-j-fest,simpthia,budakford,suamiti,boba-taro,summer,auregalia-aruri,morning,mythiavtuber,instagram,mythia-batford,facebook,discord,fan",https://static.wikia.nocookie.net/virtualyoutuber/images/5/53/Mythia_Batford_-_Portrait_2.jpg,https://twitter.com/MythiaVTuber,https://www.youtube.com/c/MythiaBatfordCh,
jaret fajrianto,"ghosty,jaret,twitter,a-male-indonesian,one,loket,indonesian,virtual-j-fest,facebook,jaret-fajrianto,youtube,jaretghosty,jaret-fajriantos",https://static.wikia.nocookie.net/virtualyoutuber/images/7/73/Jaret_Fajrianto_-_Potrait.jpg,https://twitter.com/jaretghosty,,
starla adiratna,"starla,youtube,first,starla-adiratna,indonesian,ravi,virtual-youtuber,aoi-id,vtubers,ravi-narendra,mayu-kirana,virtual-florist,fps,kanaria,gita-melodia,starlight-kuku-gumi,starlants,mayu,teteh-starla,sundanese,boomer-norak,lame-boomer,starla-adiratna-ch,facebook,trakteer,starlaadiratna,fans,starlart,fan",https://static.wikia.nocookie.net/virtualyoutuber/images/c/c8/Starla_Adiratna_Portrait.jpg,https://twitter.com/StarlaAdiratna,https://www.youtube.com/channel/UCIwkHYx8tdZEU4693WOy6ng,
nagisa arcinia,"nagisa,nijisanji,fifth,nagisa-arcinia,indonesian,youtube,nijisanji-id,mastin,indonesia,virtual-youtuber,derem-kado,reza-avanluna,nijisanji-ids,manggis,southeast-asia,southwest-india,puerto-rico,colombia,florida,traveling,masteam,nagisaarcinia,twitter,facebook,manggisart,memes,unofficial",https://static.wikia.nocookie.net/virtualyoutuber/images/9/93/Nagisa_Arcinia_Portrait.png,https://twitter.com/NagisaArcinia,https://www.youtube.com/channel/UCijNnZ-6m8g85UGaRAWuw7g,
naritamediciana/narita md,"japan,indonesian,gamer,same-day,twitter,english,japanese,bahasa,indonesia,black-desert,pokemon,minecraft,gundam,traveling,dislikes,sangatsu-no-lion,honey,clover,your-lie,april,one,piece,naruto,yakitate,radiologist,personal-channel,youtube,naritamediciana,twitch,narita.md.tv,instagram,naritamdtv",https://static.wikia.nocookie.net/virtualyoutuber/images/0/04/Narita_-_Portrait.png,https://twitter.com/NaritaMDTV,https://www.youtube.com/channel/UCSiMWKsnpfnTtozy3Cw4vfw/,https://www.twitch.tv/naritamediciana
akuma momo,"japanese,indonesian,youtuber,the-next-demon-queen-debuts,momo,youtube,twitter",https://static.wikia.nocookie.net/virtualyoutuber/images/c/c4/Akuma_Momo.jpg,https://twitter.com/momo_akuma,https://www.youtube.com/channel/UCcKMaBJHofKJ_8fO54pcMmQ,
nola aim,"meridia-elinor,radna-avaritia,soo-suyu,eirene,nola,virtual-youtuber,one-day,kai-superbias,familia,youtube,nolaime",https://static.wikia.nocookie.net/virtualyoutuber/images/c/c4/Nola_Aime_Portrait.png,https://twitter.com/NolaAime,https://www.youtube.com/channel/UCczLkDUv4Gfa6ET-Zl9zkiw,
derem kado,"derem,indonesian,nijisanji,derem-kado,fifth,reza-avanluna,youtube,virtual-youtuber,nagisa-arcinia,maralemu,nijisanji-ids,nekokati-abrakadabra,nijisanji-id,ex-kr,ryushen,seffyna,minecraft,yukishiro-mahiro,makaino-ririmu,hakase-fuyuki,shiro,domikado,meowning,kado,kakado,kakak,deremkado,twitter,facebook,derem_art,fan,derememe,memes,unofficial",https://static.wikia.nocookie.net/virtualyoutuber/images/2/2b/Derem_Kado_Portrait.png,https://twitter.com/DeremKado,https://www.youtube.com/channel/UCMzVa7B8UEdrvUGsPmSgyjA,
rania chiwawa,"rania,youtube,indonesian,twitter,rania-chiwawa,arknet,raska-malendra,enji-notokunchoro,the-same-day,rantang,virtual-youtuber,indonesia,the-following-year,first,envy-baby,kanaria,vtubers,loket,virtual-j-fest,pomeranian,chihuahua,pomchi,ranran,english,raniachiwawa,facebook,instagram,rantang-fans-club,fan-discord,gambaranran,fan",https://static.wikia.nocookie.net/virtualyoutuber/images/c/c8/Rania_Chiwawa.jpg,https://twitter.com/RaniaChiwawa,https://www.youtube.com/c/RaniaChiwawa,
splendiferachie,"indonesian,english,youtube,virtual-youtuber,one-day,vocaloid,twitter,the-years,vroid,jrpgs,twitch,instagram,splendiferachie,facebook",https://static.wikia.nocookie.net/virtualyoutuber/images/7/78/Splendiferachie_Portrait.jpg,https://twitter.com/splendiferachie,https://www.youtube.com/channel/UCRbsmnDTHD9-4pEIuG7zYRw,https://www.twitch.tv/rachie
sena redo,"english,indonesian,youtuber,sena-redo,truck-kun,senaredo-ch,youtube,instagram,senaredo,general,fanart",https://static.wikia.nocookie.net/virtualyoutuber/images/8/85/Sena_Redo.jpg,https://twitter.com/SenaRedo,,
minamoto arisa,"youtube,arisa,indonesian,virtual-youtuber,two-months-later,twitter,one-month,the-day,minamotorcyclist,ramen,wwz,stardrew,arizoo,gulugulu,arisa-ch,minamotoarisa",https://static.wikia.nocookie.net/virtualyoutuber/images/8/8a/Minamoto_Arisa_Profile.jpg,https://twitter.com/MinamotoArisa,,
selia aisnith,"selia,aka-virtual,earth,selia-aisnith,indonesian,youtuber,first-selia,lanios,youtube,apex,seliaaisnith,twitch,twitter,facebook,general,artsnith,fan,clipselia,memesnith,memes",https://static.wikia.nocookie.net/virtualyoutuber/images/f/f9/Selia_Aisnith_-_Chest_Up.jpg,https://twitter.com/SeliaAisnith,https://www.youtube.com/seliaaisnith,https://www.twitch.tv/SeliaAisnith
lenzi mew,"lenzi,minecraft,youtuber,lenzi-mew,indonesian,virtual-youtuber,first-lenzi,vtuber,youtube,twitter,rianiayan,ripersean,lenzi_mew,lenzimew,instagram,facebook,tiktok",https://static.wikia.nocookie.net/virtualyoutuber/images/6/60/Lenzi_Mew_Portrait.jpg,https://twitter.com/lenzi_mew/media,,
akane chiyuru,"akane-chiyuru,akane,japanese,indonesian,virtual-youtuber,perkenalkan,indonesia,youtube,two-years-later,twitter,three-months,first,night",https://static.wikia.nocookie.net/virtualyoutuber/images/b/b7/Akane_Chiyuru_Portrait.jpg,https://twitter.com/AkaneChiyuru,,
shirai vai,"japanese,shirai,shirai-vai,indonesian,vai-ch,youtube",https://static.wikia.nocookie.net/virtualyoutuber/images/3/37/Shirai_Vai_-_YT_profile_picture.jpg,https://twitter.com/shiraivai,https://www.youtube.com/channel/UCxZ4vVa_PbnMPX5qT-RVpDQ,
etna crimson,"etna,nijisanji,indonesian,javanese,virtual-youtuber,bonnivier-pranaja,earth,youtube,twitter,tokusatsu,fourth,siska-leontyne,indonesia,half,one-day,bonniver,first,kanaria,a-month,nijisanji-id,transformation,kamen-rider-series,sanjou,kamen,hero-talk,gacha,amicia-michella,japanese,english,the-day,battle-of-surabaya,indonesian-revolutionary-forces,dutch,etna-crimson,facebook,etnaisu,fan,nsfw,unofficial",https://static.wikia.nocookie.net/virtualyoutuber/images/a/a6/Etna_Crimson_Portrait.png,https://twitter.com/Etna_Crimson,https://www.youtube.com/channel/UCjFu-9GHnabzSFRAYm1B9Dw,
altheria claire,"claire,indonesian,altheria-claire,japanese,english,youtube,alternis,altheria,virtual-youtuber,dystopian-world,dystopian-tech-war,altheria-claires,twitter,the-same-month,first,klereng,korean,artemis,valkyrie-shoes,fps,apex-legends,valorant,assassin,creed,claires-live-chat,please,vtubers,content-creator,youtube-channel,trakteer,donation,altheriaclaire,general,clairestetik,fanart,klerlive,live,musiclaire,karaoke",https://static.wikia.nocookie.net/virtualyoutuber/images/2/27/Altheria_Claire.png,https://twitter.com/ClaireAltheria,https://www.youtube.com/channel/UCeQeKprb4tY9LmXsnjgbvSg,
lucid astracelestia,"lucid-astracelestia,indonesian,youtuber,youtube,lusimps,lucid_astracelestia,ko-fi,lucida.astracelestia,instagram,trakteer,astracelestia,astracelestiart,fan,astracelesticlip,clips,astracelestimeme,meme,fan-tag",https://static.wikia.nocookie.net/virtualyoutuber/images/7/7c/LucidAstracelestiaBust.jpeg,https://twitter.com/LAstracelestia,https://www.youtube.com/c/LucidAstracelestiavlive,
aura lily,"vtubers,youtube,japanese,indonesian,virtual-youtuber,aku,indonesia,lilly,two-months-later,twitter,first,aura-lily-ch,auralily,instagram,auralymemes,auralyarts,fan",https://static.wikia.nocookie.net/virtualyoutuber/images/3/37/Aura_Lily_Portrait.jpg,https://twitter.com/AuraLilyy?s=09,,
juliana shafira,"indonesian,japanese,english,pira,juliana-shafira,aka-virtuals,indonesia-team,mai-aka-vtuber,gema-gathika,airi-cordelia,akemi-nekomachi,velary-lusticia,debut,shafira,aka-virtual,elementary-proficiency,javanese,juliana-shafira-ch,youtube,shafira_juliana,twitter,julianashafira,general,fanart",https://static.wikia.nocookie.net/virtualyoutuber/images/c/c1/Juliana_Shafira.jpg,https://twitter.com/shafira_juliana,,
charlotte sylvilia,"charlotte,youtube,ninomiya-sho,alden-ryouken,grand-archives,gentiana-helix,snowdrop,indonesian,english,deutsch,germany,negen,nine,amesia,two,moon,twitter,the-same-day,cottontail-rabbit,bdsm,helix-onee-chan,greek-mythology,papernoise,charlotte-sylvilia,syl_charlotte,tiktok,grand-sylvilia-mansion,discord,sylchart,fan,charmoans",https://static.wikia.nocookie.net/virtualyoutuber/images/3/38/Charlotte_Sylvilia_portrait.png,https://twitter.com/Syl_Charlotte,https://www.youtube.com/c/CharlotteSylviliaSNOWDROPID,
akemi nekomachi,"akemi,virtual-youtuber,aka-virtual,twitter,youtube,indonesian,akemi-ch,akemi-nekomachi,first,mai,caerula-aki,frederett,velary-lusticia,airi-cordelia,lala-alberich,selia-aisnith,homie-akemi,projekt-genesis,janji,october,mythia-batford-s,virtual-youtubers,liliana-vampaia,oninosuzu-rin,kureiji-ollie,utattemita,virtual-talent,loket,virtual-j-fest,english,javanese,japanese,scuffgang,clozy-ozy,keigo-aria,xeapher,runa-yamato,mythia-batford,apex,masters,defiance,whiskas,akehomies,akeminekomachi,trakteer,nekomachiakemi,general,artkemi,fan,fans",https://static.wikia.nocookie.net/virtualyoutuber/images/4/4a/Akemi_with_Fish.jpg,https://twitter.com/NekomachiAkemi,https://www.youtube.com/channel/UC61iJVuFVS4YsnPkZe5EmXg,
kawamura agil,"agil,youtube,kawamura-agil,iniagil,indonesian,virtual-youtuber,kigi-studio,naoki-kigi,minecraft-youtuber,hitzeed,minecraft,the-following-month,twitter,indomie,mega-mendung,andi-adinata,akatsuki,kalimantan,ini-agil,facebook,kajikita.edit,instagram,kerajaan-agil,discord,trakteer,iniastream,live,iniaart,fanart,iniameme,meme",https://static.wikia.nocookie.net/virtualyoutuber/images/4/41/Kawamura_Agil_Portrait.png,https://twitter.com/IniAgilKangHalu,,
idris pasta,"idris,second,kuroshka,idris-pasta,first,two,virtual-youtuber,indonesia,kuro,one,vtubers,youtube,youtuber,month-of,accessoris,gerry,mod,facebook,idris_pasta,instagram,twitter",https://static.wikia.nocookie.net/virtualyoutuber/images/6/6a/Idris_Pasta.png,https://twitter.com/idris_pasta,https://www.youtube.com/c/IdrisPasta,
oumiya emma,"emma,youtube,first,aetheria,cyberlive,oumiya-emma,alteria,twitter,japanese,oumiya,virtual-youtuber,kurohana-inori,iekushi-chapipi,alchemilla-menace,inami-yoki,english,bahasa-malaysia,bahasa-indonesia,unlock,one-day,the-coucil-of-heavens,this-day,cyberalter,community,cyberalter-utano-pandora-in,minecraft,genshin-impact,vtubers,her-first-year-anniversary,anime-festival-asia,rikudou-yura,kamizuki-naki,liliana-vampaia,tamachi-kanna,the-day-stage-segment,anime-festival-asia-singapore,oumiknight,dislikes,emma-dakimakura,houshou-marine,kingdom-hearts,furaisen,chapipi,inori-and-menace,momoiro-kohi,yoki,mairo,yakumo-beni,koinoya-mai-of-propro-production,mirea-sheltzs,shinosaki-honoa,third,mokka,tabby,mocha,oumiyaemma,tiktok,marshmallow,dungeon,discord,emmadungeon,live,oumiart,fan-art,oumilust,nsfw",https://static.wikia.nocookie.net/virtualyoutuber/images/f/f2/Oumiya_Emma_portrait.png,https://twitter.com/OumiyaEmma,https://www.youtube.com/channel/UCDdmoA79bfI8DHDnE_Yy2dg,https://www.twitch.tv/oumiyaemma
ipo-kun,"ipo,youtube,ipochan,japanese,indonesian,ipochan-official",https://static.wikia.nocookie.net/virtualyoutuber/images/d/d2/Ipo-kun.jpg,,,
mika melatika,"mika,youtube,nijisanji,sixth,indonesian,xia-ekavira,hyona-elatiora,nijisanji-id,mika-melatika,virtual-youtuber,terima-kasih,datang-kesini,nijisanji-ids,twitter,hours,vtubers,kobo-kanaeru,koinoya-mai,ibara-muan,tobari,keyla-estella,virtuareal,third,three,nijieu,oliver-evans,nina-kosaka,luca-kaneshiro,vox-akuma,mysta-rias,ike-eveland,melaticult,english,japanese,javanese,chinese,dislikes,onee-san,kanji,ocean,enderman,california-kingsnake,monoloid,monee,stockholm,austria,paraguay,scandinavia,u.k,sweden,ireland,british,australia,mika-melatikas,mikamelatika,twitch,melatikaart,fan,mikawin,nsfw,mikayang,memes",https://static.wikia.nocookie.net/virtualyoutuber/images/e/e8/Mika_Melatika_Portrait.webp,https://twitter.com/MikaMelatika/,https://youtube.com/channel/UCahgMxSIQ2zIRrPKhM6Mjvg,https://www.twitch.tv/MikaMelatika
oceane otoishi,"oceane,first,youtube,kawaii,aletta-sky,peony-aeria,sava-safari,miryu-kotofuji,twitter,otoishi,virtual-youtuber,enchantasia,oceane-otoishi,the-same-day,oceanes-youtube,terms-of-service,acoustic,mayonaka,matsubara-miki,k/da,blobbert,oceashell,ocean,french,ninth,france,quebec,english,indonesian,japanese,korean,marvel,monster-hunter,jrpg,anime-expo,saturday-night-live/comedy-center,uncle-roger,america,got-talent/asians,lea-salonga,filipina,oceane_kawaii,oceaneotoishi,instagram,oceamyoshi,general/meme/clip,illustroceane,fan,karaocea,cover/song-related",https://static.wikia.nocookie.net/virtualyoutuber/images/7/79/Oceane_Otoishi_-_Portrait.png,https://twitter.com/Oceane_Kawaii,https://www.youtube.com/channel/UCYGUJsKnR-DO27hmegGsKTg,
safiyya raima,"safi,indonesian,quran,perkenalkan,giftuber,indonesia,virtual-youtuber,islamic,english,japanese,volume,chapter-of-the-most-compassionate,sura-ar-rahman,chapter-of-the-cave,sura-al-kahfi,chapter-of-the-kingdom,chapter-of-yaseen,sura-ya-seen,chapter-of-the-inevitable,sura-al-waqia,youtube,safiyaaraima,twitter,safiyya.raima,instagram,safiyya,raima,fanart",https://static.wikia.nocookie.net/virtualyoutuber/images/6/69/Safiyya_Raima.jpg,https://twitter.com/SafiyyaRaima,,
kureiji ollie,"ollie,youtube,olivia,twitter,first,indonesia,second,kureiji-ollie,indonesian,udin,one,anya-melfissa,pavolia-reine,astel-leda,three,english,japanese,vtubers,anya,third,frontier,ayunda-risu,ceres-fauna,ouro-kronii,airani-iofifteen,kiryu-coco,mori-calliope,uruha-rushia,hakos,two,ellie,kureiji,virtual-youtuber,revision-original,a-good-minute,the-first-five-minutes,frankenstein,darker-grays,id,the-same-day,kyouran,golden-batik,the-next-day,one-year,hololive-member,jollie-jollie,reine,smoloro,half,wayang-topeng,east-java,radiollie,every-two-weeks,the-morning,comifuro-virtual,anime-boston,may,crunchyroll-expo-s,cosplay-mania-ph-s,zomrades,astellie,zombilien,holodeath,yukoku,haachama,irys,kobollie,kobo-kanaeru,tsunomaki-watame,ninomae-inanis,minase,iollie,gacha,bad,yumeiro-patissiere,miss-kobayashis,dragon-maid,nichijou,disney,minecraft,oliva,apex,roughly-an-hour,mario-kart,en,yami-yugi,yu-gi-oh,yugi-mutou,holostars,yagoo,world-zombie-day,illo,ollo,the-henry-stickmin-collection-ollie,holoro,vox-akuma,vtubers-ganba-ruuko,bakenvt,lam,kujo-ringo",https://static.wikia.nocookie.net/virtualyoutuber/images/f/f4/Kureiji_Ollie_Portrait.png,https://twitter.com/kureijiollie,https://www.youtube.com/channel/UCYz_5n-uDuChHtLo7My1HnQ,https://www.twitch.tv/kureijiollie
mociren,"reeno,indonesia,mociren,indonesian,virtual-youtuber,salam-kenal,youtube,three-months-later,twitter,one-month-later,december,halal-pig,dugong,semarang,central-java,instagram",https://static.wikia.nocookie.net/virtualyoutuber/images/2/2e/Mociren_Portrait.png,https://twitter.com/mociren,,
artesia visca,"tessa,indonesian,twitter,artesia-visca,indonesia,first,virtual-youtuber,tessas-introduction,youtube,today,about-twenty-eight-thousand,evelyn,mintchan,jakarta-metaverse,loket,virtual-j-fest,cerita-tessa,youtube-channel,ceritatessa_official,instagram,facebook",https://static.wikia.nocookie.net/virtualyoutuber/images/b/bd/Tessa.jpg,https://twitter.com/CeritaTessa,,
naoki kigi,"naoki-kigi,indonesian,kigi,twitter,naoki,virtual-youtuber,kawamura-agil,pita-merah,naoki-disini,hikikomori-vtuber,kigi-entertaiment,studio,youtube,dry-season,winter-season,gore-horror,english,genshin-impact,minecraft,rpg,ado,dazbee,naoki-kigi-ch,naokikigi,naoki_live,livestreams,naokimasterpiece",https://static.wikia.nocookie.net/virtualyoutuber/images/a/a5/Naoki_Kigi.png,https://twitter.com/KigiNaoki,https://www.youtube.com/channel/UC4X0pUwb9YCs9mc-S_6N8uA,
lagann fitzgerald,"laganns,lagann,indonesian,fits,korea,indonesia,lagann-fitzgerald,vtuber/vartist/vsinger/vrapper,bariton,audience,midnight,veritasium,tom-scott,first,monster-hunter-world,old-indonesian,lion,baki,kengan-ashura,omega,vtubers,vtuber,siska-leontyne,nijisanji,info,carrd,lagannlive,live-tag",https://static.wikia.nocookie.net/virtualyoutuber/images/b/b5/Lagann_DRGN1.png,https://twitter.com/LagannDragon,https://www.youtube.com/c/LagannFitzgeraldCh,
xia ekavira,"xia,youtube,nijisanji,sixth,indonesian,mika,bgm,xia-ekavira,virtual-youtuber,hyona-elatiora,mika-melatika,ekavira,nijisanji-ids,nijisanji-id,tim-mu-lawak,penangkaran-buaya,english,euy,sundanese,dislikes,five,gran-vals,heavy-metal,classical,meguro-shoji,premier-league,chelsea-f.c,hyona,indian,xia_ekavira,twitter,facebook,marshmallow,general,xia_live,live,xhiatposting,memes,xixixia,dadly,unofficial",https://static.wikia.nocookie.net/virtualyoutuber/images/a/a1/Xia_Ekavira_Portrait.webp,https://twitter.com/Xia_Ekavira/,https://www.youtube.com/channel/UCoJ0Ct-jdas4cLPpSp06gZg/,
argo hastanta,"kai-superbia,argo-hastanta,eirene-mireilla,saniq,youtube,virtual-youtuber,san-iq,ini,argo-hastantas,one,one-day,dimenstar,three,weargang,argo-hastanta-ch,argossip,general",https://static.wikia.nocookie.net/virtualyoutuber/images/2/2f/Argo_Hastanta_portrait.png,https://twitter.com/ArgoHastanta,https://www.youtube.com/channel/UC4g7lyHGLZGPzaSA1Ek8rqw,
dan azmi,"dan-azmi,first,lucid-astracelestia,indonesia,isfp,friends-on-earth,aetherion-planet,earth",https://static.wikia.nocookie.net/virtualyoutuber/images/8/85/Dan_Azmi_Portrait.png,https://twitter.com/DanAzmi_id,,
katya felicia,"katya,katya-felicia,aspira-projects,youtube,felyse,hunter,felicult,indonesian,aspira-project,kyura-veronica,yuga-altair,keteccsquad,isekai-cat-princess,tante-katya,tante,twitter,first,kemono,one-day,isekai-kingdom,felyse-kingdom,multiplayer-and-casual,minecraft-and-stardew-valley,naruto,black-clover,kimetsu,yaiba,boku-no,academia,makoto-shinkais,vocaloid,j-rock,anime-songs,pat,one,katya-felicia-ch,facebook-fanpage,aspira,katya-felicias,profile,trakteer,fan-name,katyart,fanart,hamlahamlah,katyas",https://static.wikia.nocookie.net/virtualyoutuber/images/7/73/Katya_potrait.png,https://twitter.com/KatyaFelicia,https://www.youtube.com/channel/UCvYNuYMnh328_op6STjoUmw,
bonnivier pranaja,"bonnivier,youtube,siska-leontyne,angler,nijisanji,selen-tatsuki,siren,mika-melatika,bonnivier-pranaja,etna-crimson,twitter,apex-legends,indonesian,indonesia,nijisanji-id,first,hana-macchia,ban-hada,owo,akemi-nekomachi,fura-kanato,three,xavier,virtual-youtuber,fourth,fisherman,the-second-day,winterbound-security-foundation,bonniver,etna,baka-mitai,the-same-day,anime-festival-asia,japan,j.clair,nijisanji-ens,lazulight,special-debut-program,the-bonnito-discord-fanserver,valorant,raft,alban-knox,uki-violeta,apex-legends-reignite-cup,apex-legends-tournament,anaknya-pak-rt,apex-legends-selias,friends-cup,selia-aisnith,two-day-kzhcup,last-minute,zotto,aster-arcadia,selen,azura-cecillia,apex-legends-koha-cup,syusetu-kohaku,bonnito,bonito,amicia-michella,layla-alstroemeria,ayunda-risu,the-a-bnormal,actual-gold-players,onegai-help-kami,fps,french,new-york-cheesecake,thanatos,nora,happy,kuzuha,the-winterbound-foundation,siska,sonny-brisko,bobon_pranaja,marshmallow,facebook,unofficial",https://static.wikia.nocookie.net/virtualyoutuber/images/5/53/Bonnivier_Pranaja_Portrait.png,https://twitter.com/Bonnivier_2434,https://www.youtube.com/channel/UCHjeZylSgXDSnor8wUnwU_g,
scylla brantley,"scylla,nixie,youtube,virtual-youtuber,snowdrop,indonesian,english,one-day,two,twitter,the-same-day,nixie-waverly,scyllabrantley,scyllart,fan",https://static.wikia.nocookie.net/virtualyoutuber/images/9/9f/Scylla_Brantley.jpg,https://twitter.com/Scylla_brantley,https://www.youtube.com/channel/UC9JhT8bExV5RHci58vZHOGQ,
moona hoshinova,"moona,twitter,first,indonesia,indonesian,youtube,moona-hoshinova,third,japanese,usada-pekora,moonafic,hoshimachi-suisei,english,one,airani-iofifteen,ayunda-risu,second,risu,perisai-jitu,fourth,frontier,pavolia-reine,kobo-kanaeru,houshou-marine,cosmicube,hoshinova,nova,virtual-youtuber,vtubers,revision-original,tsunomaki-watame,beverly,independence-day,iofifteen,the-same-day,the-year,southeast-asian,showcase,indonesea,four,a-black-facemask,comifuro-virtual,crunchyroll-expo-s,cosplay-mania-s,jam,anime-festival-asia,anime-festival-asia-singapore,shirakami-fubuki,ookami-mio,inugami-korone,nekomata-okayu,watson-amelia,gawr-gura-s,among-us,the-post-office-product-sales-service-co,ltd,shiranui-flare,shirogane-noel,tokoyami-towa,takanashi-kiara,shishiro-botan,year,munafik,moona-fanatic,moonarian,moonathic,iomoon,pekomoon,pavonova,subamoon,oozora-subaru,hoshistar,tsukumo-sana,yozora-mel,hoshi-clan,npc-duo,ouro-kronii,moonabok,star-flower,irys,vestia-zeta,moonkae,kaela-kovalskia,mookoyo,hakui-koyori,hoshi,latin,russian,usada-pekora-for,usada-constructions,a-few-days,a-few-days-later,her-first-month-or-so,spongebob-squarepants,two,three,mamah-moona,ramadan,originally,nyori,tsukinami-nato",https://static.wikia.nocookie.net/virtualyoutuber/images/9/94/Moona_Hoshinova_Portrait.jpg,https://twitter.com/moonahoshinova,https://www.youtube.com/channel/UCP0BspO_AMEe3aQqqpo89Dg,
keitaa,"keitaa,indonesian,youtube,indonesia,loket,twitter,virtual-j-fest,english,japanese,soundcloud,rendang-universe,discord",https://static.wikia.nocookie.net/virtualyoutuber/images/8/80/Keitaa_Head.jpg,https://twitter.com/keitaakei,https://www.youtube.com/keitaakei,https://www.twitch.tv/keitaakei
vyolfers,"vyolfers,vtuber,youtube,indonesian,english,one-month,gremlin,skullpaca,instagram,vyolferss",https://static.wikia.nocookie.net/virtualyoutuber/images/1/18/Vyolfers_-_Profile_Picture.jpg,https://twitter.com/vyolfers,https://www.youtube.com/c/VyolfersCh/,
anisa indrianti utami,"anais,aiu,olivia,indonesia,bandung,youtuber,kenalan,first-diary,two,miki-hoshis,daily,indonesian,tank,anais-spencer,scp-foundation,xk,scp,olivia-brown,the-chaos-insurgency,insurgency,council,anisa-indrianti-utami,aiuready,whatsapp,first,valentine-day,maya-putri,alia-adelia,unyil,ipin,tessa,ratih,cimahi,aiu-vtubber,youtube-channel,utami,instagram,anisa-indrianti,facebook",https://static.wikia.nocookie.net/virtualyoutuber/images/0/02/Hello%2C_there%21.jpg,https://twitter.com/aiu_vtubber,,
vin alstair,"vin-alstair,vin,indonesian,indonesia,kenalan-yuk,alsta-cafe,youtube",https://static.wikia.nocookie.net/virtualyoutuber/images/7/7f/VinAlstair.png,https://twitter.com/VinID39966056,,
kobo kanaeru,"kobo,youtube,indonesian,first,indonesia,kobo-kanaeru,third,vtubers,vestia-zeta,japanese,two,twitter,virtual-youtuber,english,moona-hoshinova,cilus,pavolia-reine,css,kaela-kovalskia,rain-master,daily,one,this-date,kanaeru,mantra-hujan,rain-spell,only-thirty-minutes,hujan,valorant,zeta,hours,mika-melatika,koinoya-mai,ibara-muan,tobari,keyla-estella,second,plants,uk,hatsune-miku,colorful-stage,southeast-asian,bebas,iwa-k,crunchyroll-expo-s,frontier,kobokerz,cebokerz,kobolonimbus,kumulonimbus,cumulonimbus,raijin,kobollie,kureiji-ollie,kopasu,ayunda-risu,kobochama,akai-haato,moonabok,bozet,komeha,watson-amelia,kazama-iroha,rokobo,roboco-san-,kobomel,yozora-mel,kobokoyo,hakui-koyori,seba,hiragana,ten-meter,twelve,matcha,japan,fps,asmr,malam-jumat,fridays-eve,kinda,html,javascript,aeru,kobokan,aeruseni,kobo-kanaeru-ch,kobo-kanaerus,id,page,facebook,kobokanaeru,onaeru,kobocast,announcement,fan,kobobrok,memes,fans,moegirl-encyclopedia,hololive,fan-wiki",https://static.wikia.nocookie.net/virtualyoutuber/images/3/3b/Kobo_Kanaeru_Portrait.png,https://twitter.com/kobokanaeru,https://www.youtube.com/channel/UCjLEmnpCNeisMxy134KPwWw,
mintchan,"mintchan,fps,csf,mintchanchannel,aku-mintchan,kizuna-ai,jakarta,twitter,artesia-visca,evelyn,jakarta-metaverse,main-youtube,mintchanchannelnico,official-nicovideo,twitter-account,instagram-account,twitch",https://static.wikia.nocookie.net/virtualyoutuber/images/7/79/Mintchan_vtuber.png,https://www.twitter.com/mintchanchannel,,
coro roach,"coro,indonesian,english,coro-roach,one-day,corodachi,tomodachi,coro-roachs,coro-and-cockroach-coro,javanese,autumn,arknights,vocaloid,bossa-nova,acoustic,kuroshitsui,barakamon,yamishibai,youtube,tiktok,cororoach,corolaifu,livestream",https://static.wikia.nocookie.net/virtualyoutuber/images/e/eb/Coro_Roach.jpg,https://twitter.com/CoroVtuber,https://www.youtube.com/channel/UCeDVG_9ARJieT1Za6OsZzZg,
mozaru,"mozaru,youtube,virtual-youtuber,indonesia,debut-stream,living,lacktose-planet,first,the-day-after-tomorrow,the-same-day,cheeters,cheese-hunters,cheaters,ovaltine-macchiato,mozaru_chizu,instagram,mozaru-chizu,facebook,secret-base,discord,trakteer,fan,mozterpiece,fanart,mozaclip,clip",https://static.wikia.nocookie.net/virtualyoutuber/images/8/83/Mozaru_half_body.png,https://twitter.com/mozaru_chizu,https://www.youtube.com/channel/UCif3y6VXcbZh8ty-mwSZuJA,
hana evangeline,"indonesian,virtual-youtuber,h,mawari-project,winter,spring,hana-evangeline-ch,himawari-project,youtube,instagram,hana-evangeline,trakteer,hanaevangeline,hanations,fan,evangelinart,evangeline_live,livestream",https://static.wikia.nocookie.net/virtualyoutuber/images/e/eb/Hana_Evangeline_Portrait.jpg,https://twitter.com/HanaEvangeline_,,
zoner recrypton/zoner recrypton ikharos,"indonesian,youtube",,,https://www.youtube.com/channel/UCZc0sZdFZn6s0pku8dVHX1A,
daem,"daem,indonesia,youtube,indonesian,comifuro-twitter,stellaa,comifuro-virtual,two,first,corpo-daem,second,casual-daem,himemori-luna,aria-the-animation,non-non-biyori,yuru-camp,trakteer,linktree",https://static.wikia.nocookie.net/virtualyoutuber/images/c/c7/Daem_MIA.jpg,https://twitter.com/daem_MIA,,
ika gayou,"youtube,virtual-youtuber,indonesian,indonesia,half,ika-gayou,ika,javanese,independent-virtual-youtuber,drawing-tutorials,other-entertainment-content,one-day,this-year,more-than-one-hundred-thousand,one,shumi-shumikea,ikas,more-than-a-year,upin,ipin,youtube-channel",https://static.wikia.nocookie.net/virtualyoutuber/images/1/1e/Ika_Gayou_Potrait.png,,,
hyona elatiora,"hyona,youtube,nijisanji,sixth,hyona-elatiora,indonesian,balinese,virtual-youtuber,xia-ekavira,mika-melatika,nijisanji-ids,nijisanji-id,pawtients,english,japanese,korean,similar,zea-cornelia,riksa-dhirendra,amicia-michella,etna-crimson,nara-haramaung,xia,mika,dislikes,spicy,facebook,hyonaelatiora,elatiorart,fan,eyeetiora,memes,unofficial",https://static.wikia.nocookie.net/virtualyoutuber/images/4/44/Hyona_Elatiora_Portrait.webp,https://twitter.com/HyonaElatiora/,https://www.youtube.com/channel/UCIBj1-d71vKjRftiauF50pg/,
cerys lobelia,"cerys,indonesian,yume-reality,twitter,virtual-youtuber,nemutaka-yuta,nekoyama-sena,chinchilla-dari,indonesia,english,vtubers,youtube,yume-realitys,loket,virtual-j-fest,simpchilla,hammu,phasmophobia,bintang-tanpa-akhir,cerys-lobelia,youtube-channel,cerys-lobelias,instagram,cerysliart,nsfw/fan,ceryslaugh,memes",https://static.wikia.nocookie.net/virtualyoutuber/images/5/50/Cerys_Lobelia_Potrait.png,https://twitter.com/CerysLobelia,https://www.youtube.com/channel/UCbD_f85AMHomsGVFAgtpE5A,
bunga,"indonesia,harunozuka,comrade,h,mawari-project,amaya-miyu,hana-evangeline,hachiman,kiya-akiyama,aru-hoshikawa,youtube,indonesian,virtual-youtuber,one,twitter,first,vtubers,five,april,bunga,head-of-public-relations",https://static.wikia.nocookie.net/virtualyoutuber/images/2/21/Bunga_Portrait.png,https://twitter.com/bunga_mungil_id,,
kaela kovalskia,"kaela,youtube,indonesian,indonesia,kaela-kovalskia,third,vtubers,ouro-kronii,first,kowalski,minecraft,vestia-zeta,one,skia,twitter,pavolia-reine,monday,japanese,moona,kaelakovalskia,virtual-youtuber,kobo-kanaeru,collab-partner,grandmaela,goriella,anya-melfissa,shishiro-botan,hakos-baelz,ceres-fauna,this-date,the-previous-day,id,bebas,iwa-k,phoenix,league-of-legends-world-championship,crunchyroll-expo-s,frontier,pemaloe,kaeluarga,holotall/holotiang,timesmith,moonkae,moona-hoshinova,kanakae,amane-kanata,each-day,kovalskia,polish,kowalska,european,english,smith,leyak,localy,leak,kaera,katakana,spirited-away,league-of-legends,hearthstone,diablo-ii,bennett-foddy,sakura-miko,oozora-subaru,mori-calliope,ninomae-inanis,fps,youtubers,tutorial-chamber,monday-warriors,morning,bali,madagascar,kaelanalysis,hololive-member,suntory-nomu,elaonduty,teemo,captain-teemo-on-duty,lol,only-a-few-days,second,elytra,gsh,kaela-kovalskias,page,fans,inkaela,fan,kaelattention,announcement,kaelaugh,memes,league,moegirl-encyclopedia,namu-wiki,hololive",https://static.wikia.nocookie.net/virtualyoutuber/images/6/61/Kaela_Kovalskia_Portrait.png,https://twitter.com/kaelakovalskia,https://www.youtube.com/channel/UCZLZ8Jjx_RN2CXloOmgTHVg,
liuverdea,"liu-verdea,indonesian,virtual-youtuber,liuverdea,youtube",https://static.wikia.nocookie.net/virtualyoutuber/images/b/b6/LiuVerdea_Portrait.png,https://twitter.com/ultimateliv,https://www.youtube.com/c/LiuVerdea,
janu ranata,"janu,janu-ranata-ch,janu-ranata,indonesian,indonesia,youtube,english,metanoiaid,januranata,general,janulive,live-tag,januclip,clips,januartnata,fan,jamurahaha,anuranata,nsfw",https://static.wikia.nocookie.net/virtualyoutuber/images/a/a3/Janu_Ranata.webp,https://twitter.com/JanuRanata,,
eiko yukashi,"eiko,indonesian,korigengi,youtube,first,suzumiya-aizu,english,japanese,korean,indonesia,eiko-re-debuted,rubik,facebook,eiko-yukashi,eikoyukashi,twitter,instagram,discord,eikoenjoyers,fanbase,eikonow,live,yukachill,yukaxixixi,memes,eipic,fan",https://static.wikia.nocookie.net/virtualyoutuber/images/b/b7/Eiko_Yukashi_profile_picture.jpg,https://twitter.com/eikoyukashi,https://www.youtube.com/channel/UCnqT_aYMURxtF_0dYzf_cpg,
nemutaka yuta,"yuta,indonesian,twitter,japanese,yume-reality,yume-realitys,second,nemutaka-yuta,virtual-youtuber,nekoyama-sena,tsuyu-hortenshia,cerys-lobelia,indonesia,the-next-few-weeks,the-same-day,yume-realitys-jolly-jungle,dimensi-penuh-mimpi,loket,virtual-j-fest,ms-paint,half,youtube-channel,profile-on-yume-reality,instagram,page,facebook,nemutakayuta",https://static.wikia.nocookie.net/virtualyoutuber/images/e/ec/Nemutaka_Yuta_Potrait.png,https://twitter.com/nemutakayuta,https://www.youtube.com/c/NemutakaYuta,
