names,keywords,socials
Shin Kiru,"['kiru', 'first', 'korean', 'youtube', 'shin', 'shin kiru', 'korean virtual youtuber', 'nijisanji', 'nijisanji kr', 'lee', 'second', 'pok\\xe9mon', 'leafgreen', 'minecraft', 'angvik', 'japanese', 'kiriges', 'kiru shin', 'nijsanji', '#', 'kirige - fans', '#kiru_art - fan', 'kiru shin\\uff09 -']","[['image', 'https://static.wikia.nocookie.net/virtualyoutuber/images/c/cd/Shin_Kiru_Portrait.png/revision/latest/scale-to-width-down/350?cb=20210324052245'], ['youtube', 'https://www.youtube.com/channel/UCi6nV5Z2dzFuXBzLG3P9zqQ'], ['twitch', 'https://www.twitch.tv/kirushin2434'], ['twitter', 'https://twitter.com/KiruShin2434']]"
Shino Laila,"['laila', 'youtube', 'wactor', 'japanese', 'thai', 'spanish', 'first', 'youtube', 'shino', 'shino laila', 'kurari rose', 'english', 'twitter', 'aisha', 'lilac', 'mocha', 'virtual youtuber', 'hoshina suzu', 'hina misora', 'vtuber', 'habla espa\\xf1ol\\u3010mucho gusto', 'laila shino', 'cat mario', 'that day', 'membership', 'just half an hour', 'shino laila\\u2019s', 'eileennoir', ""laila'"", 'holygames', 'genberten', 'velcra', 'apex legends', 'qualia qu and obly', 'laisavant', 'stir fry kale', 'brujita', 'misora', ""'overwatch'"", 'laila - youtube', '@shinolaila - twitter', 'lailashino_wactor - twitch', 'lailamarsh - marshmallow', 'shinolailawactor - streamlabs donation  shino laila - drawing', 'shinolaila', 'laillusta - fan', 'laila_news - news  ']","[['image', 'https://static.wikia.nocookie.net/virtualyoutuber/images/f/f4/Shino_Laila_-_90K_fan-art_portrait.png/revision/latest/scale-to-width-down/350?cb=20210831032711'], ['youtube', 'https://www.youtube.com/channel//UCFSkExeBcqI4nb_ArHeByNw'], ['twitter', 'https://twitter.com/ShinoLaila'], ['twitch', 'https://www.twitch.tv/lailashino_wactor']]"
Seffyna,"['seffyna', 'nijisanji', 'youtube', 'first', 'fifth', 'twitter', 'han chiho', 'second', 'niji melody time', 'ryushen', 'selene', 'tts', 'mechafyna', 'bee', 'korean virtual youtuber', 'ban hada', 'song mia', '\\uc138\\ud53c\\ub098(\\u30bb\\u30d5\\u30a3\\u30ca\\u200b', ""\\uc785\\ub2c8\\ub2e4  seffyna's"", 'the night', 'three', 'kanaria', 'monetization', 'untitled goose game', 'nijisanji id', 'one year', 'livers', 'the next day', 'moon', 'greek', 'yushika', 'two', 'korean', 'toonation', 'ai', '"" money song', ""rosemi lovelock 's"", 'the great rosemi', 'theme song', 'shikinagi', 'akira', 'maria marionette', 'minecraft', 'yorumi rena', 'japanese', 'seffynaeat - food']","[['image', 'https://static.wikia.nocookie.net/virtualyoutuber/images/3/36/Seffyna_Portrait.png/revision/latest/scale-to-width-down/350?cb=20210528111232'], ['youtube', 'https://www.youtube.com/channel/UCeGendL8CO5RkffB6IFwHow'], ['twitch', 'https://www.twitch.tv/seffyna2434'], ['twitter', 'https://twitter.com/Seffyna2434']]"
Lee On,"['lee', 'nijisanji', 'sixth', 'ha yun', 'first', 'korean', 'korean virtual youtuber', 'ko yami', 'na sera', 'twitter', 'four', 'giga & kira  at', 'shin kiru', ""lower one's"", 'lanndo', 'irion', 'oliver evans', 'leeonart - fan', '#dark_on - fan', 'nsfw', '\\u30a4\\u30fb\\u30aa\\u30f3 / lee on']","[['image', 'https://static.wikia.nocookie.net/virtualyoutuber/images/f/ff/Lee_On_Portrait.png/revision/latest/scale-to-width-down/350?cb=20210923091207'], ['youtube', 'https://www.youtube.com/channel/UCCJcCWrbQzz6eDhX4M1CUwg'], ['twitch', 'https://www.twitch.tv/leeon2434'], ['twitter', 'https://twitter.com/LeeOn2434']]"
User:Scarlettblanc/Scarlett Blanc,"['french', 'english', 'scarlett blanc', 'debut', 'japanese', 'korean']",[]
Ban Hada,"['hada', 'nijisanji', 'first', 'korean', 'ban hada', 'seffyna', 'song mia', 'lee siu', 'fifth', 'english', 'youtube', 'twitter', 'lazulight', 'nijisanji id', 'apex legends reignite cup', 'bonnivier pranaja', 'selen tatsuki', 'tatakai wa taimingu', 'ha yun', 'yukishiro mahiro', 'japanese', 'apex legends', '#', 'korean virtual youtuber', 'virtual australia', 'koalas', 'kangaroos', 'second', 'three', 'twitch', 'korean', 'two', 'around august', 'the apex midsummer custom', 'virtuareal', 'sixth', 'apex legends shibuya hal custom lobby', 'mario kart', 'ready, set', 'lazulight', 'obsydia', 'eythria', 'nijisanji en', 'taka radjiman', 'the nijisanji valorant custom', 'lauren iroas', 'naraka', 'noisy cruise ship', 'yuhi riri', 'morinaka kazaki', 'saegusa akina', 'debidebi debiru', 'debiru', 'mianhada pinaya', 'nijiau', 'maria marionette', 'kaneshiro', 'sonny brisko', 'zotto', 'utami marin', 'karasuma kohane', 'hairo noin', 'multilingual', 'reru', 'konreru', '\\u3053\\u3093\\u308c\\u308b\\uff09and otsureru', 'painreru', 'reru', 'ban mama', 'fps', 'valorant', 'league of legends', 'hockey pockey', 'pokemon', '\\u200b minccino', 'recon legends', 'crypto', 'hoshikawa sara', 'nishizono chigusa', 'hana macchia', 'nijisanji - youtube', '#kaizocrew - fans  ', 'netoreru', 'kusareru', '\\u30d0\\u30f3\\u30fb\\u30cf\\u30c0 / ban hada', 'ban hada - moegirl encyclopedia']","[['image', 'https://static.wikia.nocookie.net/virtualyoutuber/images/c/c0/Ban_Hada_Portrait.png/revision/latest/scale-to-width-down/350?cb=20210528111307'], ['youtube', 'https://www.youtube.com/channel/UCLjx3lqIkYkPCBJop8czJ2A'], ['twitch', 'https://www.twitch.tv/banhada2434'], ['twitter', 'https://twitter.com/BanHada2434']]"
Han Chiho,"['chiho', 'nijisanji', 'korean', 'imja', 'han haru', 'han chiho', 'e&c', 'nijisanji kr', 'taoist', 'ggul tteok', 'japanese', 'first', 'han', 'korean virtual youtuber', 'gaon', 'one', 'dark chiho', 'killer', 'dead by daylight', 'youtube channel', 'yushika', 'seffyna', 'the end of april', 'youtube', 'nijisanji id', 'sa jiyu', 'lee zakka', 'chae ara', 'ryu nari', 'yang nari', 'fools', 'servant', 'only han chiho...', 'hiragana', 'english', 'hufflepuff', 'hogwarts', 'second', 'slytherin', 'pikachiho', 'chicasso', 'chiho potter', 'angel chiho', 'robot chiho', 'english voice pack', 'booth', 'song mia', 'dislikes: eggplants', 'assassin', 'apex legends', 'valorant', 'league of legends', 'debidebi debiru', 'kanae', 'kuzuha', 'sister cleaire', ""han chiho's"", 'twitch', 'chiho han\\u3010nijisanji kr\\u3011 - twitcasting', 'chihoart - fanart', 'hanchiho', 'chihoice - voice impressions', 'chiho han - unofficial', 'nicovideo encyclopedia             ']","[['image', 'https://static.wikia.nocookie.net/virtualyoutuber/images/5/53/Han_Chiho_2nd_Portrait.png/revision/latest/scale-to-width-down/350?cb=20210324045958'], ['youtube', 'https://www.youtube.com/channel/UCJ6LH4jMNy0JN9RSThz1mMQ'], ['twitter', 'https://twitter.com/HanChiho2434']]"
Ko Yami,"['ko yami', 'nijisanji', 'sixth', 'twitter', 'first', 'korean', 'ko', 'korean virtual youtuber', 'ha yun', 'na sera', 'lee', '\\ub098\\ud0c0\\ub0ac\\ub2e4\\ub0d0~', 'four', '\\u30e9\\u30de\\u30fc\\u30bap', 'lee siu', 'youtube', 'yami', '#', 'yamiart - fan', '\\u30b3\\u30fb\\u30e4\\u30df /']","[['image', 'https://static.wikia.nocookie.net/virtualyoutuber/images/d/d3/Ko_Yami_Portrait.png/revision/latest/scale-to-width-down/350?cb=20210923075911'], ['youtube', 'https://www.youtube.com/channel/UC9oudjCTHL2BfwxfDwI18eg'], ['twitch', 'https://www.twitch.tv/koyami2434'], ['twitter', 'https://twitter.com/KoYami2434']]"
So Nagi,"['nagi', 'nijisanji', 'korean', 'second', 'japanese', 'first', 'unagi', 'lee siu', 'chae ara', 'arashi unagi', ""nijisanji kr's"", '#', 'korean virtual youtuber', '\\u521d\\u914d\\u4fe1\\u3011\\ub098\\uae30', 'japan', 'shin yuya', 'min suha', 'yu ruri', 'wiffy', 'ryu hari', 'shin kiru', 'youtube', 'twitter', 'nijisanji id', 'the following day', 'na sera', 'ha yun', 'english', 'konnagi~', 'otsunagi', 'three', 'barbarian', 'nanami', 'naraka', 'nun bora', 'ange katrina', '\\u0001f327', 'nijisanji kr\\u3011 - twitcasting', 'unaginagi - general', '#nagiart - fan', '\\u30bd\\u30fb\\u30ca\\u30ae /', 'nagi - moegirl encyclopedia']","[['image', 'https://static.wikia.nocookie.net/virtualyoutuber/images/0/0a/So_Nagi_Portrait.png/revision/latest/scale-to-width-down/350?cb=20210324050254'], ['youtube', 'https://www.youtube.com/channel/UC5ek2GWKvUKFgnKSHuuCFrw'], ['twitter', 'https://twitter.com/NagiSo2434']]"
Eirene,"['eirene', 'strawberry', 'youtube', 'akumarin', 'english', ""projekt nova 's"", 'first', 'apex legends', 'chatting', 'asmr', 'twitch', 'an eventful day', 'healing melody', 'malay', 'korean', 'japanese', 'alter ego', 'one', 'one day', 'carrd', 'strawberry palace', 'discord server', 'berryonair - stream', 'yaberry - nsfw', 'eirene - profile', 'projekt nova  ', 'eirene - vtubie']","[['image', 'https://static.wikia.nocookie.net/virtualyoutuber/images/7/75/Eirene_model_2.png/revision/latest/scale-to-width-down/333?cb=20221006032151'], ['twitch', 'https://www.twitch.tv/eirene_vt'], ['youtube', 'https://www.youtube.com/channel/UC6fdRC9nEXTNtBzeH-fHXzA'], ['twitter', 'https://twitter.com/eireneVT']]"
Airani Iofifteen,"['youtube', 'indonesia', 'twitter', 'first', 'japanese', 'indonesian', 'iofi', 'aragami oga', 'airani iofifteen', 'moona', 'risu', 'english', 'sora', 'airani', 'moona hoshinova', 'ayunda risu', 'second', 'third', 'the day', 'fourth', 'frontier', 'kureiji ollie', 'korean', 'bang dream', 'virtual youtuber', 'vtubers', 'anak alien biasa', 'vcd', 'alien alien', 'nayutalien', 'independence day', 'bersama ioforia', 'rikka', 'gen', 'two', 'the year', 'showcase', 'october', 'indonesea', 'comifuro virtual', ""crunchyroll expo 's"", 'kira kira collab', 'arurandeisu', 'kira kira family', 'kira kira club', 'shirakami fubuki', 'unidemons', 'deep blizzard miyuki', 'watafi', 'tsunomaki watame', 'zombilien', 'astel leda', 'ogabisa', 'zepi', 'vestia zeta', 'iollie', 'sundanese', 'german', 'one', '\\uace0\\ub9c8\\uc6cc', 'anime, video games', 'hiragana', 'katakana', 'kanji', 'idolm@ster', 'roselia', 'minato yukina', 'tonsillitis', 'one', 'tokino sora', 'otaku', 'monthly', 'otaku radio', 'iosoradio', 'tweet', 'one day', 'the morning', ""airani iofifteen's"", '@airaniiofifteen', 'facebook', '@airani_iofifteen - tiktok', '#', 'art tutorials', 'airani iofifteen - hololive fan wiki']","[['image', 'https://static.wikia.nocookie.net/virtualyoutuber/images/c/cb/Airani_Iofifteen_-_Portrait.png/revision/latest/scale-to-width-down/350?cb=20200427135833'], ['youtube', 'https://www.youtube.com/channel/UCAoy6rzhSf4ydcYjJw3WoVg'], ['twitter', 'https://twitter.com/airaniiofifteen']]"
RonaRona,"['twitch', 'korean', 'virtual youtuber', 'youtube', 'cafe naver', '#']","[['image', 'https://static.wikia.nocookie.net/virtualyoutuber/images/0/07/RonaRonaPortrait.png.png/revision/latest/scale-to-width-down/350?cb=20220110040542'], ['youtube', 'https://www.youtube.com/channel/UCcMiI7JHjS2ONfV2PBuUabQ']]"
Dering,"['korean virtual youtuber', 'nextfloor', '\\uc778\\uc0ac\\ub4dc\\ub9bd\\ub2c8\\ub2e4~', 'dering', 'youtube']","[['image', 'https://static.wikia.nocookie.net/virtualyoutuber/images/2/23/Dering.jpg/revision/latest?cb=20180902234818']]"
Vestia Zeta,"['zeta', 'youtube', 'indonesia', 'first', 'twitter', 'indonesian', 'third', 'kobo kanaeru', 'bazo', 'greek', 'vestia zeta', 'japanese', 'vestia', 'axel', 'hunter', 'virtual youtuber', 'vtubers', 'kaela kovalskia', 'mission-', 'the secret archive unit', 'axel syrios', ""kureiji ollie 's"", 'her debut week', 'irys', 'this date', 'aimer', 'valorant', 'kobo', 'second', 'id', 'bebas', 'iwa k.', ""crunchyroll expo 's"", 'frontier', 'zecretary', 'zetaibou', 'secret unit', 'zepi', 'airani iofifteen', 'zenya', 'anya melfissa', 'bozet', 'moona hoshinova', 'takobazo', ""ninomae ina'nis"", 'tako', 'zetame', 'watson amelia', 'latin', 'vesta', 'sixth', 'omega\\u03b1', 'holostars', 'hizaki gamma', 'katakana', '\\u30d9\\u30b9\\u30c6\\u30a3\\u30a2\\u30fb\\u30bc\\u30fc\\u30bf\\u300d', 'katakana', 'three', '\\u2588\\u2588\\u2588\\u2588\\u2588\\u2588\\u2588\\u2588\\u2588\\u2588\\u2588\\u2588\\u2588\\u2588', '\\u2588\\u2588\\u2588\\u2588\\u2588\\u2588\\u2588\\u2588\\u2588\\u2588\\u2588\\u2588\\u2588\\u2588\\u2588\\u2588\\u2588\\u2588\\u2588\\u2588', 'hakos baelz', 'bleach', 'blue lock', 'gitama', 'haikyuu', 'inazuma eleven', 'kami', 'katekyo hitman reburn!', 'koe no', 'katachi', 'kuroko no basket', 'magi', 'one', 'piece', 'psycho pass.', 'psyren', 'the korean manhwa solo levelling', 'fps', 'apex and valorant', 'moon', 'jump king', 'mafia', 'smash bros', 'cooking simulator', 'mother simulator', 'mission report', 'meme review', 'late night', 'asmr', 'apex masters', 'yorumi rena', 'ryu hari', 'nijisanji', 'kurune kokuri', 'yashiki ciel of buisen', 'mizuboshi yamu', 'english', 'korean', '@vestiazeta_hololiveid - twitch', ""vestia zeta's""]","[['image', 'https://static.wikia.nocookie.net/virtualyoutuber/images/b/b6/Vestia_Zeta_Portrait.png/revision/latest/scale-to-width-down/350?cb=20220324053909'], ['youtube', 'https://www.youtube.com/channel/UCTvHWSfBZgtxE4sILOaurIQ'], ['twitch', 'https://twitch.tv/vestiazeta_hololiveid'], ['twitter', 'https://twitter.com/vestiazeta']]"
Juninya,"['juni', 'twitch', 'vtuber', 'a "" dere archetype', 'four', 'youtube', 'tiktok', 'the existential crisis of a singular boba', 'the boba store', 'next', 'approximately twenty minutes', 'juninya', 'powerpoint', 'one', 'goonie', 'vtuber', 'nyakuza']","[['image', 'https://static.wikia.nocookie.net/virtualyoutuber/images/3/33/Juninya_L2D.jpg/revision/latest/scale-to-width-down/266?cb=20210818072914'], ['twitch', 'https://www.twitch.tv/juninya'], ['youtube', 'https://www.youtube.com/channel/UCZ-S4vuHXwv0fHmpsnwUPrg'], ['twitter', 'https://twitter.com/juninya_vt']]"
Lorou,"['lorou', 'nijisanji', 'kaen', 'hakuren', 'e&c', 'nijisanji kr', 'bgm', 'han chiho', 'korean virtual youtuber', 'korean', 'virtual youtuber', 'the virtual youtubers', 'youtube', 'twitter', 'first', 'gaon', 'moarin', 'yu ruri', 'lucia', 'ena', 'alice mana', ""ujico/snail's"", 'house', 'camellia', 'tokyo machine', 'lorou', 'twitter account']","[['image', 'https://static.wikia.nocookie.net/virtualyoutuber/images/6/6e/Lorou_Headshot.png/revision/latest?cb=20200521065414'], ['youtube', 'https://www.youtube.com/channel/UCLSzgV37Dt24T8p3-TNiSLg'], ['twitch', 'https://www.twitch.tv/lorou'], ['twitter', 'https://twitter.com/LOROU_vtuber']]"
Ha Yun,"['yun', 'nijisanji', 'yukishiro mahiro', 'munya', 'ha yun', 'sixth', 'na sera', 'lee', 'second', 'four', 'apex legends shibuya hal custom', 'korean', 'korean virtual youtuber', 'ko yami', 'his school year every year', 'twitter', 'first', 'nijisanji id', 'nagi', 'meltstera', 'gamewith', 'apex legends reignite cup', 'lee siu', 'ban hada', 'cyian', 'apex legends', 'makio chiharu custom', 'elu', 'shiromanta', 'yorumi rena', 'saikyou ketteisen', 'shibuya hal', 'niji', 'coke zero', 'oliver evans', 'two', 'discord', 'suha', 'hada', 'hayun', 'yumeniki', 'apex', 'youtube', '#hayun_live - clips', '#hayun_voice - voice  ']","[['image', 'https://static.wikia.nocookie.net/virtualyoutuber/images/2/2a/Ha_Yun_Portrait.png/revision/latest/scale-to-width-down/350?cb=20210923083812'], ['youtube', 'https://www.youtube.com/channel/UCrhhJPNsOqzNIkUfTABoSpg'], ['twitch', 'https://www.twitch.tv/hayun2434'], ['twitter', 'https://twitter.com/HaYun2434']]"
Ninomae Ina'nis,"['ina', 'english', 'japanese', 'first', 'twitter', 'gawr gura', 'youtube', 'takanashi kiara', 'takodachi', 'holomyth', 'one', '-myth-', 'ninomae', ""ninomae ina'nis"", 'watson amelia', 'mori calliope', 'lovecraftian', 'four', 'third', 'second', 'two', 'kimono', 'humu', 'oopsie', 'hololive -myth-', 'myth', 'minato aqua', 'houshou marine', 'umisea', 'en', 'amelia', 'fourth', 'journey like a thousand years', 'bloop', 'inanis', 'latin', 'the ancient ones', 'ao', 'necronomicon', 'fate/grand order', 'one-year', 'virtual youtuber', ""holomyth  ina'nis's"", 'revision original         ina', 'amelia, ina', 'cover corporation', 'three months', 'the same month', 'the same day', 'dragon quest', 'walfie', 'violet', 'a week', 'a super mario party', 'ina, gura', 'mid-september', 'myth or treat', 'halloween', 'calli', 'council', 'the new year', 'tako', 'one', 'the lower half', 'irys', 'the same day', ""ninomae ina'nis/discography     "", 'their six months', 'bgm', 'camellia', 'kanalumi', 'dokomi', 'digikomi', 'omocat', ""valkyrie connect's"", 'usada pekora', 'la+ darknesss', ""crunchyroll expo's"", 'the ""ancient ones', 'burrito', 'takotori', 'sakamata chloe', 'tsunomaki watame', 'kureiji ollie', 'anya melfissa', 'takobazo', 'tako', 'vestia zeta', 'bazo', 'a better month', 'a better year', 'time', 'tomorrow', 'inanisu', 'chinese', 'fortuna', ""carl orff's"", 'carmina burana', ""final fantasy vii's"", 'calliope mori']","[['image', 'https://static.wikia.nocookie.net/virtualyoutuber/images/4/46/Ninomae_Ina%27nis_Portrait.png/revision/latest/scale-to-width-down/350?cb=20200910192748'], ['youtube', 'https://www.youtube.com/channel/UCMwGHR0BTZuLsmjY_NT5Pwg'], ['twitter', 'https://twitter.com/ninomaeinanis']]"
Mino Mieko,"['mieko', 'vtubing', 'youtube', 'two', 'one', 'first', 'canadian', 'english', 'cantonese', 'mandarin', 'japanese', 'korean', 'intro', 'acoustic', ""mino mieko's"", ""hammer-kun'"", 'png', 'makino mieko', 'maplestory', 'henry stickmin', 'bangdream', 'karaoke', ""higanbana familia'"", 'mino mieko', 'bgm', 'nintendo switch', 'blue clapper', 'hololive', 'higanabana familia', 'ai kotoba', 'hatsune miku', 'sakura himegimi', 'calliope mori', 'gawr gura', 'mite mite!', 'de~', 'kdramas/korean', 'shih tzus', 'nutmeg', 'nacho', 'chinese', 'pok\\xe9mon', 'togepi', 'piplup', 'happiny and sylveon  mieko', 'one night', 'second', 'mino mieko ch', 'streamelements', 'miekolour', 'mieklips - clips', '#dummino - memes        ']","[['image', 'https://static.wikia.nocookie.net/virtualyoutuber/images/1/18/MinoMieko.png/revision/latest/scale-to-width-down/350?cb=20221113064945'], ['youtube', 'https://www.youtube.com/c/MinoMieko'], ['twitter', 'https://twitter.com/mino_mieko']]"
Sora Orbit,"['sora', 'twitch', 'english', 'korean', 'seoul', 'lol & genshin', 'first', 'youtube', 'tiktok', 'sora', '\\u2726', 'discord', '#soraillust - fan art     ']","[['image', 'https://static.wikia.nocookie.net/virtualyoutuber/images/e/e7/Sora_Orbit.png/revision/latest/scale-to-width-down/350?cb=20221122132320'], ['twitch', 'https://www.twitch.tv/soraorbit'], ['youtube', 'https://www.youtube.com/channel/UCRZa7MbC4-kN2hBFiyxMLEQ'], ['twitter', 'https://twitter.com/soraorbit']]"
Himemiya Rie,"['rie', 'youtube', 'first', 'japanese', 'remilia nephys', 'nephilim', 'himebito', 'twitch', 'himemiya', 'himemiya rie', '\\u59eb\\u5bae\\u308a\\u3048', 'english virtual youtuber', ""phase-connect 's"", 'second', 'chisaka airi', 'amanogawa shiina', 'makina erina', 'komachi panko', 'the kingdom of regalia', 'the phase world', 'earth', 'twitter', ""phase-connect's"", 'one year anniversary', 'phase-connect', 'super', 'pafu', 'two', 'himeknight', 'miya""\\u300c\\u5bae\\u300dwith ""tono', 'palace', 'english', 'korean', 'spanish', 'mandarin', 'chinese', 'cantonese', 'one', 'china', 'chinese', 'hoshikawa sara', 'paul reed smith student edition', 'tiktok', '@himemiyarie - marshmallow', '\\u59eb\\u5bae\\u308a\\u3048 /', 'himemiyarie', '#himetime - live  #', 'atorie - fan art  ', 'himemeya - memes', 'kirienuki - clips']","[['image', 'https://static.wikia.nocookie.net/virtualyoutuber/images/6/69/Himemiya_Rie_-_Icon.jpg/revision/latest/scale-to-width-down/350?cb=20220625040745'], ['youtube', 'https://www.youtube.com/channel/UCJ4O6PWA47f6XbCgrLQNqEQ'], ['twitch', 'https://www.twitch.tv/himemiyarie'], ['twitter', 'https://twitter.com/HimemiyaRie']]"
Chae Ara,"['nijisanji', 'korean', 'chae ara', 'ara', ""chae ara's"", 'lee siu', 'nagi', 'arashi unagi', 'youtube', 'first', 'japanese', 'chae', 'korean virtual youtuber', 'second', ""nijisanji kr\\u3011  ara's"", 'seikan hikou', 'macross frontier', 'nijisanji id', 'may', 'ararang', 'sarang', 'three', 'nijisanji jp', 'indonesian', 'tamachi kanna', 'kisaragi', 'virtual esports project', 'kamishiro rita', 'tobi shigoku', 'ara chae', '@ara_liv - twitter', 'twitch', 'ararang - general  ', '#ara_art - fan', '#arasong - ara', '\\u30c1\\u30a7\\u30fb\\u30a2\\u30e9 / ara chae', 'chae ara - moegirl']","[['image', 'https://static.wikia.nocookie.net/virtualyoutuber/images/5/54/Chae_Ara_Portrait.png/revision/latest/scale-to-width-down/350?cb=20210324050551'], ['youtube', 'https://www.youtube.com/channel/UCmWqYB6y8gSfPONWGspuOWQ'], ['twitch', 'https://www.twitch.tv/arachae2434'], ['twitter', 'https://twitter.com/AraChae2434']]"
Nun Bora,"['bora', 'apex legends', 'japanese', 'first', 'korean', 'nijisanji', 'nishizono chigusa', 'third', 'twitter', 'tokoyami towa', 'apex', 'nijisanji kr', 'lee roha', 'akira ray', 'neiro', 'nun bora', ""nijisanji kr's"", 'english', 'kanae', 'superchats', 'youtube', 'seto miyako', 'ratna petit', 'admin', 'yuuki chihiro', 'nun', 'korean virtual youtuber', 'esports', 'second-year', 'the end of november', 'custom', 'crazy raccoon cup', 'a week', 'yuki chihiro', 'apex legends crazy', 'kinako', 'kimchi de naguruzo', 'kimchi', 'oji', 'ffl', 'sudetaki', 'marianne', 'uge', 'hayama marin', 'the first star of the snowy night', 'yukiyo', 'ichiban', 'ssn', 'selly', 'racoon', 'valorant crazy', 'm\\u014ddaij\\u014dbu', 'ibrahim', 'arisaka', 'medusa (crazy raccoon', 'meiy', 'battle field', 'squad george', 'cpt (crazy raccoon', 'yakumo beni', 'sovault', 'apex legends reignite cup', 'shirayuki reid', 'hanabusa lisa', '\\uc624\\ud558\\ubcf4\\ub77c', 'three', 'yunibo', 'shin yuya', 'yumekyawa', 'selly (crazy raccoon', 'noahbora teetee', 'otaku-kun', 'kurumi noah', 'kamito', 'nanami', 'naraka', 'nagi', '#', 'chinese', 'nun(\\ub208', 'korea', 'two', 'the jp branch', 'nijisanji project', 'knr admin', 'cr fransisco', 'kuzuha', ""chae ara 's"", 'winter  foods', 'strawberry', 'oyakodon  meat  sweet', 'melon soda  games', 'bora nun', 'bora_art - fanart', 'nunvoice - voice impressions', 'bora nun - unofficial', 'namu wiki']","[['image', 'https://static.wikia.nocookie.net/virtualyoutuber/images/c/c0/Nun_Bora_-_portrait_%28February_2021_costume%29.png/revision/latest/scale-to-width-down/350?cb=20221026055336'], ['youtube', 'https://www.youtube.com/channel/UC1ZV7KBscK0EMoJKFu1DnDg'], ['twitter', 'https://twitter.com/BoraNun2434']]"
Miori Celesta,"['mio', 'miori', 'youtube', 'tsunderia', 'yazaki kallin', 'matsuro meru', 'nini yuuna', 'miori celesta', 'twitter', 'kallin', 'korean', 'manaka umio', 'marica bellerose', 'myholo tv', 'tsunquest', 'english', 'first', 'vtubers', 'azuki', 'summer sky', 'american', 'virtual youtuber', ""myholo tv 's"", 'myholo tv\\u3011  ', 'miori celesta!', 'myholotv', 'two', 'manaka and marica', 'dlc', 'indonesian', 'wonderland', 'a few months ago', 'two', 'a day', 'second', 'chapter', 'the music video', 'oz', '"" the vampire', 'one-year', 'a winter confession', 'music', 'umiushi urara', 'christmas', ""it's beginning to look a lot like christmas"", 'my favorite things', 'the christmas song (merry christmas to you', 'miori roads', 'take me home, country roads', 'john denver', 'third', 'juni', 'brandon liew', 'doki doki android', 'orla gan ceann', 'yuuna', 'the same day', 'meru', 'orla', 'lone alpha', 'let me dance', 'young', 'miogu', 'rogue energy', 'miori celesta/discography', ""offkai expo's"", 'offkai expo', 'guildmates', 'mogu', 'beerpals', 'qooapp', 'september', 'celesta', 'creamie', 'miori celesta - youtube', 'mioricelesta - twitch', '@mioricelesta - marshmallow', ""miori's tavern - discord"", '#', '#miolust /']","[['image', 'https://static.wikia.nocookie.net/virtualyoutuber/images/a/a8/Miori_Celesta_-_Headshot.png/revision/latest?cb=20211104133001'], ['youtube', 'https://www.youtube.com/channel/UCyKsg-57XC9pyHbP7v3kCPQ'], ['twitch', 'https://www.twitch.tv/mioricelesta'], ['twitter', 'https://twitter.com/mioricelesta']]"
Lee Roha,"['roha', 'nijisanji', 'lee roha', 'first', 'third', 'nun bora', 'akira ray', 'neiro', 'youtube', 'korean', 'lee', 'korean virtual youtuber', ""\\uc774\\ub85c\\ud558(\\u30a4\\u30ed\\u30cf)\\ub77c\\uace0\\ud574\\uc694*'-"", ""nijisanji kr's"", 'renai circulation', 'kousaki satoru', 'twitter', 'the same day', 'midnight piano', 'second', 'nijisanji id', 'the following day', 'proha', 'pyon', 'ojamashiroha', 'otsuroha', 'three', 'hololive', 'shishiro botan', 'tuesdays', 'unity', 'jojo', ""il vento d'oro"", 'half', 'dislikes', ""lee roha's"", 'roha_art - fanart', 'fanart', 'rohavoice - voice impressions', 'roha lee', 'lee roha - moegirl encyclopedia']","[['image', 'https://static.wikia.nocookie.net/virtualyoutuber/images/4/44/Lee_Roha_Portrait.png/revision/latest/scale-to-width-down/350?cb=20210324051554'], ['youtube', 'https://www.youtube.com/channel/UCClwIqTUn5LDpFucHyaAhHg'], ['twitter', 'https://twitter.com/RohaLee2434']]"
Gaon,"['nijisanji', 'gaon', 'e&c', 'korean', 'nijisanji kr', 'mo gaon', 'korean virtual youtuber', 'han chiho', 'youtube channel', 'dabuki', 'nun bora', 'nijisanji id', 'youtube', '\\u0001f6a9gaide', '#', 'japanese', 'noor', 'gaonart - fanart', '#gaon_voice -', 'gaon - moegirl encyclopedia']","[['image', 'https://static.wikia.nocookie.net/virtualyoutuber/images/4/40/Gaon_Portrait.png/revision/latest/scale-to-width-down/350?cb=20210324045735'], ['youtube', 'https://www.youtube.com/channel/UCpRXCTyNNa-MnjhK6gisnRw'], ['twitch', 'https://www.twitch.tv/gaon_2434'], ['twitter', 'https://twitter.com/Gaon2434']]"
Song Mia,"['mia', 'nijisanji', 'song mia', 'fifth', 'purimia', 'twitter', 'korean', 'song', 'korean virtual youtuber', 'seffyna', 'ban hada', '\\uc1a1\\ubbf8\\uc544 \\uc785\\ub2c8\\ub2e4!', 'today', 'third', 'three', 'kst/jst', 'nijisanji id', 'nijisanji kr', 'wiffy', 'han chiho', 'ggul tteok', 'youtube', '#', '#mi_art - fan', '#yamia - fan', 'nsfw', '\\u30bd\\u30f3\\u30fb\\u30df\\u30a2 / song mia) -']","[['image', 'https://static.wikia.nocookie.net/virtualyoutuber/images/4/43/Song_Mia_Portrait.png/revision/latest/scale-to-width-down/350?cb=20210528111326'], ['youtube', 'https://www.youtube.com/channel/UCyqzU2nq7eGNi4kN0uHx7TA'], ['twitch', 'https://www.twitch.tv/songmia2434'], ['twitter', 'https://twitter.com/SongMia2434']]"
GreatMoonAroma,"['virtual youtuber', 'streamer', 'english', 'first', 'korean', 'vrc', '\\ub300\\uc6d4\\ud5a5 - youtube']","[['image', 'https://static.wikia.nocookie.net/virtualyoutuber/images/b/be/Great_Moon_Aroma.jpg/revision/latest/scale-to-width-down/350?cb=20211217044806'], ['twitch', 'https://www.twitch.tv/greatmoonaroma'], ['youtube', 'https://www.youtube.com/channel/UCWL_9MaaMy8ObTDPmVHemjA'], ['twitter', 'https://twitter.com/aroma_great']]"
Alice Mana,"['mana', 'e&c', 'ena', 'japanese', 'alice', 'project paryi', 'twitter', 'lucia', 'youtube', 'alice mana', 'korean/japanese virtual youtuber', 'korean', ""mana's youtube"", 'first', 'nijisanji kr', 'one month', 'nijisanji kr', 'paryi', 'bilibili', 'youtube', 'aoi nabi', 'watson amelia', 'amatsuka uto', 'himukai kogane', 'shiratori rena', 'voice-ore', 'tomo-chan', 'artia', 'nijisanji', 'kagura mea', 'chigusa hana', 'bgm', 'lorou', '@alicemana_v - marshmallow', 'geek jack  merch', 'booth', '#\\u30de\\u30ca\\u30fc\\u30c8 - fan']","[['image', 'https://static.wikia.nocookie.net/virtualyoutuber/images/7/79/Alice_Mana_-_2021_redesign_portrait.jpg/revision/latest/scale-to-width-down/350?cb=20210711195758'], ['youtube', 'https://www.youtube.com/channel/UCIaC5td9nGG6JeKllWLwFLA'], ['twitch', 'https://www.twitch.tv/alicemana_v'], ['twitter', 'https://twitter.com/Alicemana_v']]"
Aoi Nabi,"['nabi', 'japanese', 'korean', 'english', 'aoi', 'twitter', 'twitch', 'hunter', 'first', 'aoi nabi', 'july', 'tumblr', 'youtube', 'march', 'august', 'vtubers', 'watson amelia', 'amatsuka uto', 'himukai kogane', 'shiratori rena', 'voice-ore', 'tomo-chan', 'alice mana', 'netflix', 'shabu-shabu', 'anime/manga', 'haikyu', 'nana', 'kimi', 'todoke', 'eromanga sensei', 'drowning love and candy candy', 'movies', 'harry potter', 'whisper', 'blue  nabi', 'shiitake', 'nachoneko', ""gawr gura 's"", '\\u84bc\\u5f69\\u306a\\u3073 - youtube', 'nabiatelier - main tumblr', 'aoi nabi - secondary tumblr', 'atelier nabi - official fandiscord', '#', '#nabillust - fan', 'namu wiki']","[['image', 'https://static.wikia.nocookie.net/virtualyoutuber/images/c/ca/Aoi_Nabi_Portrait.png/revision/latest/scale-to-width-down/350?cb=20210508215059'], ['youtube', 'https://www.youtube.com/channel/UCzKkwB84Y0ql0EvyOWRSkEw']]"
Yang Nari,"['nari', 'youtube', 'nijisanji', 'yang nari', 'japanese', 'kr', 'amamiya kokoro', 'sweet moon nari', 'korean', 'yang', 'korean virtual youtuber', 'fourth', 'ryu hari', 'oh jiyu', 'shin kiru', '\\ub370\\ubdd4\\ubc29\\uc1a1', 'loli', 'twitter', 'the same month', 'the month', 'first', 'kanaria', 'nijisanji id', 'the end of april', 'lee roha', ""nun bora 's"", 'third', 'shin yuya', 'nun bora', 'the nijisanji valorant custom', 'lauren iroas', 'naraka', 'ibrahim', 'shibuya hajime', 'ratna petit', 'melissa kinrenka', 'sorahoshi kirame', 'kachou fugetsu sen', 'block a.', 'gurin', 'miyu ottavia', 'onomachi haruka', 'hiragana', 'katakana', 'devil queen', '\\u30e4\\u30f3\\u30fb\\u30ca\\u30ea /', ""yang nari's"", 'twitch', '\\u30e4\\u30f3\\u30fb\\u30ca\\u30ea / nari yang', 'yang nari - moegirl']","[['image', 'https://static.wikia.nocookie.net/virtualyoutuber/images/f/f9/Yang_Nari_Portrait_%282%29.png/revision/latest/scale-to-width-down/350?cb=20220406110702'], ['youtube', 'https://www.youtube.com/channel/UCCHH0nWYXFZmtDS_4tvMxHQ'], ['twitter', 'https://twitter.com/NariYang2434']]"
Hakos Baelz,"['baelz', 'first', 'english', 'japanese', 'youtube', 'tsukumo sana', 'kimono', 'hakos baelz', 'twitter', 'five', 'mori calliope', 'ceres fauna', 'ouro kronii', 'nanashi mumei', 'council', 'two', 'irys', 'squeaks', 'second', 'hakos', 'chaos', 'four', ""hakos baelz's"", 'japan', 'the same day', 'takanashi kiara', 'usada pekora', 'mumei', 'sana', 'anime nyc', 'gawr gura', '-myth-', 'kureiji', 'watson amelia', 'six', 'oozora subaru', 'korean', 'jp', 'amane kanata', 'hayko', 'hakos baelz ch', 'virtual youtuber', 'cover corporation', 'english youtube channel', 'the coming weekend', 'pv', 'around half', 'two hours later', 'us', 'europe', 'monday', 'midnight', 'bst', 'fifth', 'fuwa fuwa time', 'mio', 'yui', 'one hour later', 'the morning', 'jst', 'keep talking', 'halloween', 'junky', 'baewatch', 'button', 'myth', 'the new year', 'the lower half', 'febaerary', 'hikaru nara', 'the night', 'about a week and a half', 'speak', 'ironmouse', 'bae', 'twitch', 'two weeks', 'ibuypower', 'cpu', 'beeg smol', 'ring fit adventure', 'fauna and baelz', ""bae & fauna's"", 'each week', 'october', 'hakos baelz/discography', 'anime central', ""crunchyroll expo 's"", ""seoul popcon's"", 'crunchyroll expo australia', 'lord squeakers', 'french', 'spring', ""felix mendelssohn's"", ""maurice ravel's"", ""jeux d'eau"", 'shakespeare', 'a little earlier', 'shakespearian', 'rat pack']","[['image', 'https://static.wikia.nocookie.net/virtualyoutuber/images/a/a3/Hakos_Baelz_Portrait.png/revision/latest/scale-to-width-down/350?cb=20210817022252'], ['youtube', 'https://www.youtube.com/channel/UCgmPnx-EEeOrZSg5Tiw7ZRQ'], ['twitter', 'https://twitter.com/hakosbaelz']]"
Shikikan Haru,"['kim', 'discord', 'kim haru', 'korean', 'shikikan', 'korean-american', 'english', 'debut', 'december', 'frailty', 'vtubers', 'half', 'twitch', 'gang beasts', 'vtubers', 'vr', 'bounties', 'haru kim - youtube']","[['image', 'https://static.wikia.nocookie.net/virtualyoutuber/images/7/71/Shikikan-Haru_copy.jpg/revision/latest/scale-to-width-down/350?cb=20201219021247'], ['twitch', 'https://www.twitch.tv/hawuu_'], ['youtube', 'https://www.youtube.com/c/HaruCh'], ['twitter', 'https://twitter.com/hawuu_']]"
Neko,"['twitch', 'twitter', 'english', 'youtube', 'tiktok', 'twitch    ', 'grape black tea', 'aloe vera']","[['image', 'https://static.wikia.nocookie.net/virtualyoutuber/images/1/15/Bada_Bust_Up.png/revision/latest/scale-to-width-down/350?cb=20220327073915'], ['twitch', 'https://twitch.tv/Neko'], ['youtube', 'https://www.youtube.com/c/BadaVtuber/featured'], ['twitter', 'https://twitter.com/Bada_Neko']]"
Nekota Tsuna,"['tsuna', 'japanese', 'first', '#', 'nekota', 'nekota tsuna', 'virtual youtuber', 'fifth', 'kaminari qpi', 'yakumo beni', 'aizawa ema', 'shinomiya runa', 'youtube', 'twitter', 'the same month', 'tsunatomo', 'vtubers', 'ookami mio', 'nishizono chigusa', 'nijisanji', 'towa kiseki', 'vtuber chat etiquette ""  please', 'nekota tsuna - youtube', '#\\u3064\\u306a\\u53cb - fan']","[['image', 'https://static.wikia.nocookie.net/virtualyoutuber/images/7/7a/VSPO_Nekota_Tsuna_portrait.png/revision/latest/scale-to-width-down/350?cb=20220625132236'], ['youtube', 'https://www.youtube.com/channel/UCIjdfjcSaEgdjwbgjxC3ZWg'], ['twitter', 'https://twitter.com/tsuna_nekota']]"
Akira Ray,"['japanese', 'akira', 'nijisanji', 'akira ray', 'third', 'korean', 'nun bora', 'lee roha', 'neiro', ""nijisanji kr's"", 'korean virtual youtuber', 'nijisanji kr\\u3011  ', 'twitter', 'the same month', 'first', 'nijisanji id', 'id', 'kurasumeito', 'kurasumeito', 'one', 'murasaki', 'menma', 'blanc', 'ray akira', 'youtube', 'rei', 'ray_art - fan', '#gray_art - fan', 'nsfw', 'ray_voice - voice', '\\uc544\\ud0a4\\ub77c\\ub808\\uc774\\uff08\\u660e\\u697d\\u30ec\\u30a4 / ray akira\\uff09 -']","[['image', 'https://static.wikia.nocookie.net/virtualyoutuber/images/b/be/Akira_Ray_Portrait.png/revision/latest/scale-to-width-down/350?cb=20210324051336'], ['youtube', 'https://www.youtube.com/channel/UC7hffDQLKIEG-_zoAQkMIvg'], ['twitter', 'https://twitter.com/RayAkira2434']]"
Ryu Hari,"['nijisanji', 'hari', 'ryu hari', 'youtube', 'korean', 'ryu', 'korean virtual youtuber', 'fourth', 'yang nari', 'shin kiru', ""ryu hari's"", 'nijisanji id', 'rimong', 'english', 'several years', 'nf', 'xxxtentacion', 'yorumi rena', 'nijisanji jp', 'yashiki ciel of buisen', 'kurune kokuri', 'axel-v & vestia zeta', 'hololive indonesia', '#hari_art - fan']","[['image', 'https://static.wikia.nocookie.net/virtualyoutuber/images/b/b1/Ryu_Hari_Portrait.png/revision/latest/scale-to-width-down/350?cb=20210324052121'], ['youtube', 'https://www.youtube.com/channel/UClS6k3w1sPwlVFqK3-yID5A'], ['twitch', 'https://www.twitch.tv/hariryu2434'], ['twitter', 'https://twitter.com/HariRyu2434']]"
Min Suha,"['suha', 'nijisanji', 'youtube', 'shin yuya', 'wiffy', 'yu ruri', 'korean', 'korean virtual youtuber', 'nijisanji kr', ""nijisanji kr\\uff5csuha\\u3011  suha's"", 'first', 'kataomoi', 'aimer', 'nijisanji id', 'fourth', 'kr', 'nun bora', 'yang nari', 'suhaqua', 'suhako', 'hatoful boyfriend', 'han chiho', 'minecraft', 'a few hours later', 'min', 'suha\\u30b9\\u30cf', '#', '#suha_art - fan']","[['image', 'https://static.wikia.nocookie.net/virtualyoutuber/images/6/68/Min_Suha_Portrait.png/revision/latest/scale-to-width-down/350?cb=20210324045512'], ['youtube', 'https://www.youtube.com/channel/UCUtKkGKef8BYMs3h-3zQm9A'], ['twitch', 'https://www.twitch.tv/suha2434'], ['twitter', 'https://twitter.com/SuhaMin2434']]"
Lee Siu,"['nijisanji', 'lee siu', 'korean', 'second', 'nagi', 'chae ara', 'arashi unagi', 'youtube', 'siu', 'siu lee', 'lee', 'virtual youtuber', '\\uc2e0\\uc778\\ub4f1\\uc7a5\\u3011\\uc774\\uc2dc\\uc6b0', 'twitter', 'ko yami', 'shushu', 'three', 'first', 'shirahari uni', 'shirakami fubuki', 'shushu - panel name', '#siu_art - fan art   ', 'lee siu - moegirl encyclopedia']","[['image', 'https://static.wikia.nocookie.net/virtualyoutuber/images/b/ba/Lee_Siu_Portrait.png/revision/latest/scale-to-width-down/350?cb=20210324050740'], ['youtube', 'https://www.youtube.com/channel/UCSlv7Z-4q7_7NRkzJB10A5Q'], ['twitch', 'https://www.twitch.tv/siulee2434'], ['twitter', 'https://twitter.com/SiuLee2434']]"
Nishizono Chigusa,"['chigusa', 'korean', 'japanese', 'nijisanji', '#', ""selene girls' academy drama club"", 'asahina akane', 'suo sango', 'todo kohaku', 'kitakoji hisui', 'twitter', 'ensemble stars', '\\u897f\\u5712\\u30c1\\u30b0\\u30b5', 'nishizono', 'nishizono chigusa', '\\u521d\\u914d\\u4fe1\\u3011\\u306b\\u3083\\u3063\\u307b~\\uff01\\u897f\\u5712\\u30c1\\u30b0\\u30b5\\u3001\\u305f\\u3060\\u3044\\u307e\\u898b\\u53c2\\uff01', 'second-year', ""selene girls' academy"", 'the drama club', 'first person shooter', 'fps', 'apex legends', ""tom clancy's"", 'rainbow six siege', 'tabletop role-playing', 'nijsanji', 'youtube', 'the nijisanji valorant custom', 'lauren iroas', 'naraka', 'okuchi pokan da', 'honma himawari', 'makaino ririmu', 'kanda shoichi', 'axia krone', 'serene engeki-doukoukai', ""selene jougakuin '"", 'selejo', 'five', ""selene girls' school"", 'nagaochigu', 'ookami mio', 'one', 'apex legends', 'crazy raccoon cups', 'aizono manami', 'saegusa akina', 'shinkai kanata', ""nishizono chigusa's"", 'nishizono chigusa - youtube', '@chigsab - sub twitter', '#\\u7d75\\u30c3\\u30c1\\u30b0\\u30b5 - fan', 'nsfw']","[['image', 'https://static.wikia.nocookie.net/virtualyoutuber/images/4/40/Nishizono_Chigusa_Portrait.png/revision/latest/scale-to-width-down/350?cb=20210331025044'], ['youtube', 'https://www.youtube.com/channel/UCkngxfPbmGyGl_RIq4FA3MQ'], ['twitter', 'https://twitter.com/Chigusa_24zono']]"
Draft:SE:A,"['korean virtual youtuber', '\\uc5d0\\ud53d\\ud55c', 'a.i.', 'ai', 'epic', 'seven']","[['image', 'https://static.wikia.nocookie.net/virtualyoutuber/images/3/31/SEA.jpg/revision/latest/scale-to-width-down/261?cb=20180831050933'], ['youtube', 'https://www.youtube.com/channel/UCKg3SYrZl5zskG5fkexUPCQ'], ['twitch', 'https://www.twitch.tv/sea_vtuber']]"
Ouro Kronii,"['kronii', 'english', 'youtube', 'first', 'ceres fauna', 'twitter', 'japanese', 'ouro kronii', 'second', 'tsukumo sana', 'nanashi mumei', 'five', 'kimono', 'irys', 'hakos baelz', 'council', 'mori calliope', 'pv', 'two', 'kureiji ollie', 'pavolia reine', 'greek', 'third', 'time', 'kronies', 'four', ""ouro kronii's"", 'boros', 'ouro krono', 'mumei', 'three', 'watson amelia', 'anya melfissa', 'j\\xf6rmungandr', 'amelia', 'one', 'takanashi kiara', 'ouro', 'virtual youtuber', 'the ages', 'dusk', 'every night', 'cover corporation', 'english youtube channel', 'chaos', 'the coming weekend', ""nanashi mumei's"", 'around half', 'sunday', 'us', 'europe', 'japan', 'monday', 'jst', 'butterfly', 'digimon adventure', 'the same day', 'orcs must die', 'myth', 'the new year', 'ouroboros', 'tsukumo san', 'ceres faun', 'nanashi muman', 'hayko', 'a few hours', 'hikaru nara', 'a few days', 'daydream', 'beeg smol', 'sana', 'mafia', 'ouro kronii/discography', ""anime nyc 's"", 'anime nyc', 'anime boston', 'indonesia', 'may', 'anirevo', ""crunchyroll expo 's"", 'hyte', 'cpu', 'crony', 'kromies', 'second', 'hour', 'kronmei', 'kronfau', 'timespace', 'snotcast', 'shark, nature,', 'gawr gura', 'npc duo', 'moona hoshinova', 'k.i.r.a', 'timesmith', 'kaela kovalskia', 'flower', '\\u3054\\u98ef\\u306b\\u3059\\u308b\\uff1f\\u304a\\u98a8\\u5442\\u306b\\u3059\\u308b\\uff1f\\u305d\\u308c\\u3068\\u3082\\u2026\\u308f\\u30fb\\u305f\\u30fb\\u3057', 'kronii ouro']","[['image', 'https://static.wikia.nocookie.net/virtualyoutuber/images/b/b2/Ouro_Kronii_Portrait.png/revision/latest/scale-to-width-down/350?cb=20210817022852'], ['youtube', 'https://www.youtube.com/c/OuroKroniiCh'], ['twitter', 'https://twitter.com/ourokronii']]"
Ayamy,"['ayamy', 'youtube', 'two', 'first', 'hanamori healthy', 'twitter', 'second', 'pooh', 'fifth', 'sixth', 'korean virtual youtuber', ""\\u3042\\u3084\\u307f\\u521d\\u914d\\u4fe1\\u3067\\u3059\\u266a  ayamy's"", 'third', 'next day', 'fourth', 'ayami', 'the same day', 'japanese', 'hiragana\\u300c\\u3042\\u3084\\u307f\\u300d', 'ayammy', 'half', 'yozora mel', 'taya rex', 'yaso toiki', 'shabel tonya', 'louise priere', 'mel', 'healthy', 'the following day', 'petelgeuse romanee-conti', 'english', '@ayami_garubinu - marshmallow', '#']","[['image', 'https://static.wikia.nocookie.net/virtualyoutuber/images/4/41/Ayamy_Portrait.jpg/revision/latest/scale-to-width-down/350?cb=20220117235035'], ['youtube', 'https://www.youtube.com/channel/UCr9p1ZjLKgfaoqNorY7PiWQ'], ['twitter', 'https://twitter.com/ayamy_garubinu']]"
Na Sera,"['sera', 'nijisanji', 'youtube', 'ha yun', 'livers', 'one', 'keseras', 'korean', 'sixth', 'nagi', 'japanese', 'first', 'seffyna', 'minecraft', 'korean virtual youtuber', 'ko yami', 'lee', '\\u521d\\u914d\\u4fe1\\u521d\\u3081\\u307e\\u3057\\u3066\\uff01\\ub370\\ubdd4\\ubc29\\uc1a1', 'earth', 'hyakumantenbara salome', 'salome', 'mayuzumi kai', 'miyu ottavia', 'levi elipha', 'zea cornelia', 'nara haramaung', 'sakura ritsuki', 'belmond banderas', 'gwelu os gar', 'nagao kei', 'sorahoshi kirame', 'seraph dazzlegarden', 'twitter', 'third', 'four', 'second', 'nijisanji id', 'that day', 'a regular morning', 'weekdays', 'stray', 'min suha', 'the nijisanji splatoon festival', 'sasaki saku', 'todoroki kyoko', 'ratna petit', 'kesera', '\\ucf00\\uc138\\ub77c', 'watashi', 'spanish', 'two', 'english', 'pina', 'liver seffyna', 'liver', 'amamiya kokoro', 'debidebi debiru', 'occasionally', 'yukihana lamy', 'lamy', 'mario party superstars', ""taka radjiman 's"", 'parkour tower', 'liver yang', 'nari', '#', 'kesera - fans', '#yarasera - fan', 'nsfw', 'na sera']","[['image', 'https://static.wikia.nocookie.net/virtualyoutuber/images/a/ad/Na_Sera_Portrait.png/revision/latest/scale-to-width-down/350?cb=20210923085212'], ['youtube', 'https://www.youtube.com/channel/UCX88Pe54pxbJDSGIyGrzNdg'], ['twitch', 'https://www.twitch.tv/nasera2434'], ['twitter', 'https://twitter.com/NaSera2434']]"
Shabel Tonya,"['tonya', 'youtube', 'first', 'twitter', 'the same day', 'japanese', 'shabel tonya', 'english', 'smilodon', 'tonya fanart', 'shabel', 'virtual youtube', 'korean', 'silhouette', 'kana-boon', 'tenma maemi', 'super bunny man', 'yonya', 'luvdia    main', 'tonyatachi', 'nyankotachi', 'kittonyas', 'smolodon', '""beeg smolodon', 'this day', 'international cat day', 'the international fund for animal welfare', 'ayamy', 'yozora mel', 'hanamori healthy', 'taya rex', 'yaso toiki', 'louise priere', '@shabeltonya - twitter', '@shabeltonya', 'shabeltonya - general', 'illustonya', 'tonyaoke - karaoke  ', 'tonyaeat - food  ']","[['image', 'https://static.wikia.nocookie.net/virtualyoutuber/images/6/6a/Shabel_Tonya_portrait.jpg/revision/latest/scale-to-width-down/350?cb=20220128143330'], ['youtube', 'https://www.youtube.com/c/ShabelTonyaCh'], ['twitch', 'https://www.twitch.tv/shabel_tonya'], ['twitter', 'https://twitter.com/ShabelTonya']]"
Eileennoir,"['eileennoir', 'youtube', 'thai', 'twitch', 'algorhythm project fifth generation', 'eileen', 'first', 'shanti', ""algorhythm project's"", 'twitter', 'offline event v-meet', 'apex legends', 'nong pan hua jok', 'fairies', 'villager fairy', 'knight fairy', 'noble fairy', 'the little kitty"" gang (\\u0e41\\u0e01\\u0e4a\\u0e07\\u0e25\\u0e39\\u0e01\\u0e41\\u0e21\\u0e27', 'patiiz', 'syusetu kohaku', 'thailand', 'english', 'japanese', 'korean', 'spanish', 'chinese', 'laila', 'two', 'wactor', 'nephilim', 'eileennoir - twitch', 'eileennoir - youtube', '@eileennoir - twitter', '@eileennoir - marshmallow', 'noir queendom - discord']","[['image', 'https://static.wikia.nocookie.net/virtualyoutuber/images/9/9e/EileennoirThumbnail.webp/revision/latest/scale-to-width-down/350?cb=20220624152933'], ['twitch', 'https://www.twitch.tv/eileennoir'], ['youtube', 'https://www.youtube.com/c/Eileennoir'], ['twitter', 'https://twitter.com/Eileennoir']]"
Yugo Asuma,"['yugo', 'english', 'noctyx', 'youtube', 'yugo asuma', 'japanese', 'fulgur ovid', 'nijisanji en', 'first', 'sonny brisko', 'alban knox', 'twitter', 'ike eveland', 'nijisanji', 'fifth', 'uki violeta', ""yugo asuma's"", 'livers', 'the same day', 'one', 'david guetta', 'tokyo ghoul', 'luxiem', '\\u904a\\u9593\\u30e6\\u30fc\\u30b4', 'virtual youtuber', ""nijisanji en 's"", 'two', 'one', ""yugo's youtube"", 'the same month', 'jst', 'reimu endou', 'five', 'matz', 'q&a', 'anycolor', 'today', 'liver', 'nijsianji en', 'nijisanji en', 'sweets paradise', 'ranunculus', 'august', ""byte    yugo's"", 'yuguys', 'byte', 'bytemarks', '#noctyx    ', 'dj', 'korean', 'thai', 'spyair', 'uverworld', 'ling', 'samurai heart', 'avicii', 'dj jp', 'las vegas', 'giga', 'hiroyuki sawano', 'hikaru utada', 'bee', 'linkin park', 'avril lavigne', 'fall out boy', 'billie eilish', 'graffitti', 'doja cat', 'nirvana', 'queen', 'ado', 'skrillex', 'twenty one', 'ed sheeran', 'teddyloid', 'sim', 'nano', 'strawberry', 'rainbow', 'kyoudai', 'fuu', '@duolingo', 'kakegurui', 'fullmetal alchemist', 'devilman crybaby', 'guilty crown', 'nana', 'kill la kill', 'gintama', 'dororo', 'deadman wonderland', 'jujutsu kaisen', 'prison school', 'toilet-bound hanako-kun', 'banana fish', 'my dress-up darling', 'bitch', 'video', 'kingdom hearts', 'final fantasy']","[['image', 'https://static.wikia.nocookie.net/virtualyoutuber/images/b/b3/Yugo_Asuma_portrait.png/revision/latest/scale-to-width-down/350?cb=20220228041755'], ['youtube', 'https://www.youtube.com/channel/UCSc_KzY_9WYAx9LghggjVRA'], ['twitter', 'https://twitter.com/Yugo_Asuma']]"
Oh Jiyu,"['nijisanji', 'jiyu', 'youtube', 'japan', 'korean', 'korean virtual youtuber', 'fourth', 'ryu hari', 'yang nari', 'shin kiru', 'a third year', 'year', 'twitter', 'the same month', 'the month', 'first', 'kanaria', 'nijisanji id', 'koneko tori', 'japanese', 'yu-gi-oh', 'nijisanji kr', 'jiyuemon', 'twitch', 'preelive - live', '#preeart - fan', 'nsfw', '\\u30aa\\u30fb\\u30b8\\u30e6 - pixiv encyclopedia           ']","[['image', 'https://static.wikia.nocookie.net/virtualyoutuber/images/a/aa/Oh_Jiyu_Portrait.png/revision/latest/scale-to-width-down/350?cb=20210324052443'], ['youtube', 'https://www.youtube.com/channel/UCnzZmBOSrQf2wDBbnsDajVw'], ['twitch', 'https://www.twitch.tv/JiyuOh2434'], ['twitter', 'https://twitter.com/JiyuOh2434']]"
Chisaka Airi,"['airi', 'first', 'youtube', 'second', 'japanese', 'makina erina', 'chisakas', 'twitch', 'chisaka', 'chisaka airi', ""phase-connect 's"", 'remilia nephys', 'amanogawa shiina', 'himemiya rie', 'komachi panko', 'wolf', 'finally out of the cage', 'twitter', ""phase-connect's"", 'one year anniversary', 'phase-connect', 'a few days later', 'andaakabaa', 'outlast', 'rinkou ashelia', 'gambler', 'manga', 'manhwa', 'rng', 'gacha', 'english', 'korean', 'spanish', 'hoshina suzu', 'inumaki himari', 'yukihime ringo', 'nyatasha nyanners', 'chisakaairi', 'ecchisaka - nsfw', 'memeri - memes', 'clipsaka - clips        ']","[['image', 'https://static.wikia.nocookie.net/virtualyoutuber/images/1/11/Chisaka_Airi_-_Icon.jpg/revision/latest/scale-to-width-down/350?cb=20220625040715'], ['youtube', 'https://www.youtube.com/channel/UC5qlAhrec6-0J-K3zmhNPPQ'], ['youtube', 'https://www.youtube.com/channel/UCx7aPMHI_kK1CP6zSvilHSA'], ['twitch', 'https://www.twitch.tv/chisakaairi'], ['twitter', 'https://twitter.com/ChisakaAiri']]"
Seo Cheon Hae,"['korean', 'virtual youtuber', 'youtube', 'unnamed_art']","[['image', 'https://static.wikia.nocookie.net/virtualyoutuber/images/9/9f/Seo_Cheon_Hae_portrait.jpg/revision/latest/scale-to-width-down/350?cb=20220709085422'], ['youtube', 'https://www.youtube.com/channel/UCzuTyYpY0G7Y7qUiB0K-obQ'], ['twitch', 'https://www.twitch.tv/unnamed_star_'], ['twitter', 'https://twitter.com/unnamed_star_']]"
Cathy Sumireneko,"['cathy', 'twitch', 'pearl orient production', 'youtube', 'first', 'twitter', 'cathy sumireneko', 'japanese', 'vstreamer', 'korean', 'purple hoodie', 'discord', 'filipino', 'filipino virtual youtuber', 'team saint monarch', ""cathy sumireneko's"", 'channel trailers', 'musician', 'seifuku', 'december of the same year', 'the end of the month', 'vroid mobile', 'august', 'vroid', 'the same month and day', 'murasakineko', 'popstars', 'omega', 'cathy murasakineko', 'karemakichan', 'the past few months before', 'us', 'vtubers alexa ch', 'teru teru', 'lisa natsume', 'nemu kurosagi', 'naya torinko', 'arisu hagururma', 'akii jp', 'fridays', 'saturdays', 'sundays', 'two', 'motherboard', 'konekos', 'kittens', 'the cat mommy', 'english', 'spanish', 'twitch streamer eonvaridus', 'cathy sumireneko - youtube', 'cathy sumireneko - ko-fi', 'cathy sumireneko - vtubie', ""cathy's ball of yarn - discord""]","[['image', 'https://static.wikia.nocookie.net/virtualyoutuber/images/e/ee/Cathy_Sumireneko_Live2D_Icon.png/revision/latest?cb=20220818142335'], ['twitch', 'https://twitch.tv/CathySumireneko'], ['youtube', 'https://www.youtube.com/channel/UCvZEzUPd2AdMcMtplTHDZVw'], ['twitter', 'https://twitter.com/ItsSumireneko']]"
Penelope Wiseman,"['lofi', 'v&u', 'twitter', 'first', 'liora walkyria', 'penelope', 'youtube', 'symphoria', 'english', 'penelope wiseman', 'virtual youtuber', 'etherna helen', 'etherna celine', 'symphoria - lofi wiseman\\u300d -vnuentertain -symphoria  ', 'half', 'yoru no pierrot', 'ado', 'the same day', 'second', 'new beach', 'giga', 'a week', 'half-year', 'liora', 'kokone', 'penelites', 'quaver', 'korean', 'japanese', 'nights', 'mbti', 'infp', 'intp', 'penelope wiseman ch', 'v&u - youtube', 'tiktok', '#penelive - live  ', 'penette - fan']","[['image', 'https://static.wikia.nocookie.net/virtualyoutuber/images/d/d6/Penelope_Wiseman_icon.jpg/revision/latest/scale-to-width-down/350?cb=20220508040332'], ['youtube', 'https://www.youtube.com/channel/UCK4FZd60ttMhI30EOtE4aEQ'], ['twitter', 'https://twitter.com/LofiWiseman']]"
Seru Kisen,"['seru kisen', 'canadian virtual youtuber', ""virtuality project 's"", 'first', 'vtubers', 'virpro', 'the northern pacific', 'weeks', 'youtube', 'the end of the month', 'sealies', 'youtube', '#']","[['image', 'https://static.wikia.nocookie.net/virtualyoutuber/images/9/9d/Kisen_Seru.png/revision/latest/scale-to-width-down/350?cb=20210228050814'], ['twitter', 'https://twitter.com/SeruKisen']]"
Byeol Yuna,"['yuna', 'twitch', 'south korea', 'english', 'korean', '\\u2606 debut', 'kst (korean standard time', 'sunday']","[['image', 'https://static.wikia.nocookie.net/virtualyoutuber/images/7/71/Yuna.png/revision/latest/scale-to-width-down/350?cb=20220828201124'], ['twitch', 'https://www.twitch.tv/byeolyuna'], ['twitter', 'https://twitter.com/YunaByeol']]"
Shin Yuya,"['korean', 'japanese', 'first', 'nijisanji', '#', 'shin', 'shin yuya', 'korean virtual youtuber', 'nijisanji kr', 'wiffy', 'yu ruri', 'min suha', 'hana macchia', 'youtube', 'twitter', 'renai circulation', 'hanazawa kana', 'yuya muya', 'yunibo', 'nishizono chigusa', 'nun bora', 'yu-gi-oh!', 'arc-v. coincidentally', ""shin yuya's"", 'yuya shin', '#yuyamuyart - fan']","[['image', 'https://static.wikia.nocookie.net/virtualyoutuber/images/c/cd/Shin_Yuya_Portrait.png/revision/latest/scale-to-width-down/350?cb=20210324045220'], ['youtube', 'https://www.youtube.com/channel/UCjGE11ZnF0JSR8egVAwh-3A/'], ['twitch', 'https://www.twitch.tv/yuyashin2434'], ['twitter', 'https://twitter.com/YuyaShin2434']]"
Danz,"['twitch', 'twitch partner', 'korean', '\\ub2c9\\ub124\\uc784\\uacfc \\uce90\\ub9ad\\ud130 \\ubcc0\\uacbd', 'kkondae', 'danz', 'two', 'bj', 'afreeca tv', 'youtube', 'twitter', 'first', 'the beginning of july', 'twitch streamer', 'goblin army', '\\ub2e8\\uc988 - youtube', '#danz_art - fan']","[['image', 'https://static.wikia.nocookie.net/virtualyoutuber/images/4/4a/Danz_New_Uniform_%28oct_9%2C_2021%29.jpg/revision/latest/scale-to-width-down/350?cb=20220505192439'], ['twitch', 'https://www.twitch.tv/danz_59'], ['youtube', 'https://www.youtube.com/channel/UC_obLLzEBMtW0CeVsDG5b5Q'], ['twitter', 'https://twitter.com/Danz5_9']]"
